,모델,Recall,Precision
0,피크 직접분류,1.0,0.12197028928850664
1,피크 직접분류,1.0,0.12206572769953052
2,피크 직접분류,1.0,0.12216131558339859
3,피크 직접분류,1.0,0.12225705329153605
4,피크 직접분류,1.0,0.1223529411764706
5,피크 직접분류,1.0,0.12244897959183673
6,피크 직접분류,1.0,0.12254516889238021
7,피크 직접분류,1.0,0.12264150943396226
8,피크 직접분류,1.0,0.12273800157356413
9,피크 직접분류,1.0,0.12283464566929134
10,피크 직접분류,1.0,0.12293144208037825
11,피크 직접분류,1.0,0.12302839116719243
12,피크 직접분류,1.0,0.12312549329123915
13,피크 직접분류,1.0,0.12322274881516587
14,피크 직접분류,1.0,0.1233201581027668
15,피크 직접분류,1.0,0.12341772151898735
16,피크 직접분류,1.0,0.12351543942992874
17,피크 직접분류,1.0,0.12361331220285261
18,피크 직접분류,1.0,0.12371134020618557
19,피크 직접분류,1.0,0.12380952380952381
20,피크 직접분류,1.0,0.12390786338363781
21,피크 직접분류,1.0,0.12400635930047695
22,피크 직접분류,1.0,0.12410501193317422
23,피크 직접분류,1.0,0.12420382165605096
24,피크 직접분류,1.0,0.12430278884462151
25,피크 직접분류,1.0,0.12440191387559808
26,피크 직접분류,1.0,0.12450119712689545
27,피크 직접분류,1.0,0.12460063897763578
28,피크 직접분류,1.0,0.12470023980815348
29,피크 직접분류,1.0,0.1248
30,피크 직접분류,1.0,0.12489991993594876
31,피크 직접분류,1.0,0.125
32,피크 직접분류,1.0,0.12510024057738572
33,피크 직접분류,1.0,0.12520064205457465
34,피크 직접분류,1.0,0.12530120481927712
35,피크 직접분류,1.0,0.12540192926045016
36,피크 직접분류,1.0,0.1255028157683025
37,피크 직접분류,1.0,0.12560386473429952
38,피크 직접분류,1.0,0.12570507655116842
39,피크 직접분류,1.0,0.12580645161290321
40,피크 직접분류,1.0,0.12590799031476999
41,피크 직접분류,1.0,0.1260096930533118
42,피크 직접분류,1.0,0.12611156022635409
43,피크 직접분류,1.0,0.1262135922330097
44,피크 직접분류,1.0,0.12631578947368421
45,피크 직접분류,1.0,0.12641815235008103
46,피크 직접분류,1.0,0.12652068126520682
47,피크 직접분류,1.0,0.1266233766233766
48,피크 직접분류,1.0,0.12672623883021933
49,피크 직접분류,1.0,0.12682926829268293
50,피크 직접분류,1.0,0.12693246541903988
51,피크 직접분류,1.0,0.1270358306188925
52,피크 직접분류,1.0,0.1271393643031785
53,피크 직접분류,1.0,0.1272430668841762
54,피크 직접분류,1.0,0.1273469387755102
55,피크 직접분류,1.0,0.12745098039215685
56,피크 직접분류,1.0,0.12755519215044972
57,피크 직접분류,1.0,0.1276595744680851
58,피크 직접분류,1.0,0.12776412776412777
59,피크 직접분류,1.0,0.12786885245901639
60,피크 직접분류,1.0,0.1279737489745693
61,피크 직접분류,1.0,0.12807881773399016
62,피크 직접분류,1.0,0.12818405916187345
63,피크 직접분류,1.0,0.12828947368421054
64,피크 직접분류,1.0,0.12839506172839507
65,피크 직접분류,1.0,0.128500823723229
66,피크 직접분류,1.0,0.12860676009892827
67,피크 직접분류,1.0,0.12871287128712872
68,피크 직접분류,1.0,0.12881915772089184
69,피크 직접분류,1.0,0.12892561983471074
70,피크 직접분류,1.0,0.12903225806451613
71,피크 직접분류,1.0,0.1291390728476821
72,피크 직접분류,1.0,0.12924606462303231
73,피크 직접분류,1.0,0.12935323383084577
74,피크 직접분류,1.0,0.12946058091286308
75,피크 직접분류,1.0,0.12956810631229235
76,피크 직접분류,1.0,0.12967581047381546
77,피크 직접분류,1.0,0.129783693843594
78,피크 직접분류,1.0,0.1298917568692756
79,피크 직접분류,1.0,0.13
80,피크 직접분류,1.0,0.13010842368640535
81,피크 직접분류,1.0,0.1302170283806344
82,피크 직접분류,1.0,0.13032581453634084
83,피크 직접분류,1.0,0.13043478260869565
84,피크 직접분류,1.0,0.1305439330543933
85,피크 직접분류,1.0,0.1306532663316583
86,피크 직접분류,1.0,0.13076278290025148
87,피크 직접분류,1.0,0.13087248322147652
88,피크 직접분류,1.0,0.1309823677581864
89,피크 직접분류,1.0,0.13109243697478992
90,피크 직접분류,1.0,0.1312026913372582
91,피크 직접분류,1.0,0.13131313131313133
92,피크 직접분류,1.0,0.13142375737152484
93,피크 직접분류,1.0,0.1315345699831366
94,피크 직접분류,1.0,0.13164556962025317
95,피크 직접분류,1.0,0.13175675675675674
96,피크 직접분류,1.0,0.13186813186813187
97,피크 직접분류,1.0,0.1319796954314721
98,피크 직접분류,1.0,0.13209144792548688
99,피크 직접분류,1.0,0.13220338983050847
100,피크 직접분류,1.0,0.13231552162849872
101,피크 직접분류,1.0,0.13242784380305603
102,피크 직접분류,1.0,0.13254035683942225
103,피크 직접분류,1.0,0.1326530612244898
104,피크 직접분류,1.0,0.1327659574468085
105,피크 직접분류,1.0,0.13287904599659284
106,피크 직접분류,1.0,0.1329923273657289
107,피크 직접분류,1.0,0.13310580204778158
108,피크 직접분류,1.0,0.1332194705380017
109,피크 직접분류,1.0,0.13333333333333333
110,피크 직접분류,1.0,0.13344739093242086
111,피크 직접분류,1.0,0.13356164383561644
112,피크 직접분류,1.0,0.13367609254498714
113,피크 직접분류,1.0,0.13379073756432247
114,피크 직접분류,1.0,0.13390557939914163
115,피크 직접분류,1.0,0.13402061855670103
116,피크 직접분류,1.0,0.13413585554600171
117,피크 직접분류,1.0,0.1342512908777969
118,피크 직접분류,1.0,0.1343669250645995
119,피크 직접분류,1.0,0.13448275862068965
120,피크 직접분류,1.0,0.13459879206212252
121,피크 직접분류,1.0,0.13471502590673576
122,피크 직접분류,1.0,0.1348314606741573
123,피크 직접분류,1.0,0.13494809688581316
124,피크 직접분류,1.0,0.13506493506493505
125,피크 직접분류,1.0,0.13518197573656845
126,피크 직접분류,1.0,0.13529921942758022
127,피크 직접분류,1.0,0.13541666666666666
128,피크 직접분류,1.0,0.1355343179843614
129,피크 직접분류,1.0,0.1356521739130435
130,피크 직접분류,1.0,0.13577023498694518
131,피크 직접분류,1.0,0.13588850174216027
132,피크 직접분류,1.0,0.13600697471665213
133,피크 직접분류,1.0,0.13612565445026178
134,피크 직접분류,1.0,0.13624454148471615
135,피크 직접분류,1.0,0.13636363636363635
136,피크 직접분류,1.0,0.13648293963254593
137,피크 직접분류,1.0,0.13660245183887915
138,피크 직접분류,1.0,0.13672217353198948
139,피크 직접분류,1.0,0.1368421052631579
140,피크 직접분류,1.0,0.1369622475856014
141,피크 직접분류,1.0,0.13708260105448156
142,피크 직접분류,1.0,0.13720316622691292
143,피크 직접분류,1.0,0.13732394366197184
144,피크 직접분류,1.0,0.13744493392070484
145,피크 직접분류,1.0,0.13756613756613756
146,피크 직접분류,1.0,0.13768755516328332
147,피크 직접분류,1.0,0.13780918727915195
148,피크 직접분류,1.0,0.13793103448275862
149,피크 직접분류,1.0,0.13805309734513274
150,피크 직접분류,1.0,0.13817537643932684
151,피크 직접분류,1.0,0.13829787234042554
152,피크 직접분류,1.0,0.13842058562555457
153,피크 직접분류,1.0,0.13854351687388988
154,피크 직접분류,1.0,0.13866666666666666
155,피크 직접분류,1.0,0.1387900355871886
156,피크 직접분류,1.0,0.13891362422083706
157,피크 직접분류,1.0,0.13903743315508021
158,피크 직접분류,1.0,0.1391614629794826
159,피크 직접분류,1.0,0.1392857142857143
160,피크 직접분류,1.0,0.13941018766756033
161,피크 직접분류,1.0,0.13953488372093023
162,피크 직접분류,1.0,0.1396598030438675
163,피크 직접분류,1.0,0.13978494623655913
164,피크 직접분류,1.0,0.13991031390134528
165,피크 직접분류,1.0,0.1400359066427289
166,피크 직접분류,1.0,0.14016172506738545
167,피크 직접분류,1.0,0.14028776978417265
168,피크 직접분류,1.0,0.1404140414041404
169,피크 직접분류,1.0,0.14054054054054055
170,피크 직접분류,1.0,0.1406672678088368
171,피크 직접분류,1.0,0.1407942238267148
172,피크 직접분류,1.0,0.14092140921409213
173,피크 직접분류,1.0,0.1410488245931284
174,피크 직접분류,1.0,0.1411764705882353
175,피크 직접분류,1.0,0.14130434782608695
176,피크 직접분류,1.0,0.1414324569356301
177,피크 직접분류,1.0,0.14156079854809436
178,피크 직접분류,1.0,0.14168937329700274
179,피크 직접분류,1.0,0.14181818181818182
180,피크 직접분류,1.0,0.14194722474977253
181,피크 직접분류,1.0,0.14207650273224043
182,피크 직접분류,1.0,0.1422060164083865
183,피크 직접분류,1.0,0.14233576642335766
184,피크 직접분류,1.0,0.14246575342465753
185,피크 직접분류,1.0,0.1425959780621572
186,피크 직접분류,1.0,0.14272644098810613
187,피크 직접분류,1.0,0.14285714285714285
188,피크 직접분류,1.0,0.14298808432630614
189,피크 직접분류,1.0,0.14311926605504588
190,피크 직접분류,1.0,0.14325068870523416
191,피크 직접분류,1.0,0.14338235294117646
192,피크 직접분류,1.0,0.14351425942962281
193,피크 직접분류,1.0,0.143646408839779
194,피크 직접분류,1.0,0.14377880184331798
195,피크 직접분류,1.0,0.14391143911439114
196,피크 직접분류,1.0,0.1440443213296399
197,피크 직접분류,1.0,0.14417744916820702
198,피크 직접분류,1.0,0.14431082331174838
199,피크 직접분류,1.0,0.14444444444444443
200,피크 직접분류,1.0,0.14457831325301204
201,피크 직접분류,1.0,0.14471243042671614
202,피크 직접분류,1.0,0.14484679665738162
203,피크 직접분류,1.0,0.1449814126394052
204,피크 직접분류,1.0,0.14511627906976743
205,피크 직접분류,1.0,0.1452513966480447
206,피크 직접분류,1.0,0.14538676607642126
207,피크 직접분류,1.0,0.1455223880597015
208,피크 직접분류,1.0,0.14565826330532214
209,피크 직접분류,1.0,0.14579439252336449
210,피크 직접분류,1.0,0.14593077642656688
211,피크 직접분류,1.0,0.14606741573033707
212,피크 직접분류,1.0,0.14620431115276475
213,피크 직접분류,1.0,0.14634146341463414
214,피크 직접분류,1.0,0.14647887323943662
215,피크 직접분류,1.0,0.14661654135338345
216,피크 직접분류,1.0,0.14675446848541862
217,피크 직접분류,1.0,0.14689265536723164
218,피크 직접분류,1.0,0.1470311027332705
219,피크 직접분류,1.0,0.1471698113207547
220,피크 직접분류,1.0,0.14730878186968838
221,피크 직접분류,1.0,0.14744801512287334
222,피크 직접분류,1.0,0.14758751182592242
223,피크 직접분류,1.0,0.14772727272727273
224,피크 직접분류,1.0,0.14786729857819905
225,피크 직접분류,1.0,0.14800759013282733
226,피크 직접분류,1.0,0.14814814814814814
227,피크 직접분류,1.0,0.1482889733840304
228,피크 직접분류,1.0,0.14843006660323502
229,피크 직접분류,1.0,0.14857142857142858
230,피크 직접분류,1.0,0.14871306005719734
231,피크 직접분류,1.0,0.14885496183206107
232,피크 직접분류,1.0,0.1489971346704871
233,피크 직접분류,1.0,0.1491395793499044
234,피크 직접분류,1.0,0.1492822966507177
235,피크 직접분류,1.0,0.14942528735632185
236,피크 직접분류,0.9935897435897436,0.1486097794822627
237,피크 직접분류,0.9935897435897436,0.14875239923224567
238,피크 직접분류,0.9935897435897436,0.148895292987512
239,피크 직접분류,0.9935897435897436,0.14903846153846154
240,피크 직접분류,0.9935897435897436,0.14918190567853706
241,피크 직접분류,0.9935897435897436,0.14932562620423892
242,피크 직접분류,0.9935897435897436,0.14946962391513982
243,피크 직접분류,0.9935897435897436,0.14961389961389962
244,피크 직접분류,0.9935897435897436,0.1497584541062802
245,피크 직접분류,0.9935897435897436,0.14990328820116053
246,피크 직접분류,0.9935897435897436,0.15004840271055178
247,피크 직접분류,0.9935897435897436,0.1501937984496124
248,피크 직접분류,0.9935897435897436,0.15033947623666344
249,피크 직접분류,0.9935897435897436,0.15048543689320387
250,피크 직접분류,0.9935897435897436,0.15063168124392615
251,피크 직접분류,0.9935897435897436,0.1507782101167315
252,피크 직접분류,0.9935897435897436,0.15092502434274585
253,피크 직접분류,0.9935897435897436,0.15107212475633527
254,피크 직접분류,0.9935897435897436,0.15121951219512195
255,피크 직접분류,0.9935897435897436,0.1513671875
256,피크 직접분류,0.9935897435897436,0.15151515151515152
257,피크 직접분류,0.9935897435897436,0.15166340508806261
258,피크 직접분류,0.9935897435897436,0.15181194906953965
259,피크 직접분류,0.9935897435897436,0.15196078431372548
260,피크 직접분류,0.9935897435897436,0.1521099116781158
261,피크 직접분류,0.9935897435897436,0.15225933202357564
262,피크 직접분류,0.9935897435897436,0.15240904621435594
263,피크 직접분류,0.9935897435897436,0.15255905511811024
264,피크 직접분류,0.9935897435897436,0.15270935960591134
265,피크 직접분류,0.9935897435897436,0.15285996055226825
266,피크 직접분류,0.9935897435897436,0.15301085883514315
267,피크 직접분류,0.9935897435897436,0.15316205533596838
268,피크 직접분류,0.9935897435897436,0.1533135509396637
269,피크 직접분류,0.9935897435897436,0.15346534653465346
270,피크 직접분류,0.9935897435897436,0.15361744301288405
271,피크 직접분류,0.9935897435897436,0.15376984126984128
272,피크 직접분류,0.9935897435897436,0.15392254220456802
273,피크 직접분류,0.9935897435897436,0.1540755467196819
274,피크 직접분류,0.9935897435897436,0.15422885572139303
275,피크 직접분류,0.9935897435897436,0.15438247011952191
276,피크 직접분류,0.9935897435897436,0.15453639082751744
277,피크 직접분류,0.9935897435897436,0.15469061876247506
278,피크 직접분류,0.9935897435897436,0.15484515484515485
279,피크 직접분류,0.9935897435897436,0.155
280,피크 직접분류,0.9935897435897436,0.15515515515515516
281,피크 직접분류,0.9935897435897436,0.15531062124248496
282,피크 직접분류,0.9935897435897436,0.15546639919759278
283,피크 직접분류,0.9935897435897436,0.15562248995983935
284,피크 직접분류,0.9935897435897436,0.15577889447236182
285,피크 직접분류,0.9935897435897436,0.15593561368209255
286,피크 직접분류,0.9935897435897436,0.15609264853977844
287,피크 직접분류,0.9935897435897436,0.15625
288,피크 직접분류,0.9935897435897436,0.15640766902119072
289,피크 직접분류,0.9935897435897436,0.15656565656565657
290,피크 직접분류,0.9935897435897436,0.15672396359959556
291,피크 직접분류,0.9935897435897436,0.15688259109311742
292,피크 직접분류,0.9935897435897436,0.15704154002026344
293,피크 직접분류,0.9935897435897436,0.15720081135902636
294,피크 직접분류,0.9935897435897436,0.15736040609137056
295,피크 직접분류,0.9935897435897436,0.15752032520325204
296,피크 직접분류,0.9935897435897436,0.15768056968463887
297,피크 직접분류,0.9935897435897436,0.15784114052953158
298,피크 직접분류,0.9935897435897436,0.1580020387359837
299,피크 직접분류,0.9935897435897436,0.15816326530612246
300,피크 직접분류,0.9935897435897436,0.15832482124616956
301,피크 직접분류,0.9935897435897436,0.15848670756646216
302,피크 직접분류,0.9935897435897436,0.1586489252814739
303,피크 직접분류,0.9935897435897436,0.15881147540983606
304,피크 직접분류,0.9935897435897436,0.15897435897435896
305,피크 직접분류,0.9935897435897436,0.1591375770020534
306,피크 직접분류,0.9935897435897436,0.1593011305241521
307,피크 직접분류,0.9935897435897436,0.15946502057613168
308,피크 직접분류,0.9935897435897436,0.1596292481977343
309,피크 직접분류,0.9935897435897436,0.15979381443298968
310,피크 직접분류,0.9935897435897436,0.15995872033023736
311,피크 직접분류,0.9935897435897436,0.16012396694214875
312,피크 직접분류,0.9935897435897436,0.16028955532574973
313,피크 직접분류,0.9935897435897436,0.16045548654244307
314,피크 직접분류,0.9935897435897436,0.16062176165803108
315,피크 직접분류,0.9935897435897436,0.1607883817427386
316,피크 직접분류,0.9935897435897436,0.16095534787123572
317,피크 직접분류,0.9935897435897436,0.16112266112266113
318,피크 직접분류,0.9935897435897436,0.16129032258064516
319,피크 직접분류,0.9935897435897436,0.16145833333333334
320,피크 직접분류,0.9935897435897436,0.1616266944734098
321,피크 직접분류,0.9935897435897436,0.1617954070981211
322,피크 직접분류,0.9935897435897436,0.1619644723092999
323,피크 직접분류,0.9935897435897436,0.16213389121338911
324,피크 직접분류,0.9935897435897436,0.16230366492146597
325,피크 직접분류,0.9935897435897436,0.16247379454926625
326,피크 직접분류,0.9935897435897436,0.1626442812172088
327,피크 직접분류,0.9935897435897436,0.16281512605042017
328,피크 직접분류,0.9935897435897436,0.16298633017875921
329,피크 직접분류,0.9935897435897436,0.1631578947368421
330,피크 직접분류,0.9935897435897436,0.16332982086406744
331,피크 직접분류,0.9935897435897436,0.16350210970464135
332,피크 직접분류,0.9871794871794872,0.16261879619852165
333,피크 직접분류,0.9871794871794872,0.16279069767441862
334,피크 직접분류,0.9871794871794872,0.16296296296296298
335,피크 직접분류,0.9871794871794872,0.163135593220339
336,피크 직접분류,0.9871794871794872,0.1633085896076352
337,피크 직접분류,0.9871794871794872,0.16348195329087048
338,피크 직접분류,0.9871794871794872,0.16382978723404254
339,피크 직접분류,0.9871794871794872,0.16400425985090522
340,피크 직접분류,0.9871794871794872,0.16417910447761194
341,피크 직접분류,0.9871794871794872,0.16435432230522945
342,피크 직접분류,0.9871794871794872,0.16452991452991453
343,피크 직접분류,0.9871794871794872,0.16470588235294117
344,피크 직접분류,0.9871794871794872,0.16488222698072805
345,피크 직접분류,0.9871794871794872,0.16505894962486603
346,피크 직접분류,0.9871794871794872,0.16523605150214593
347,피크 직접분류,0.9871794871794872,0.16541353383458646
348,피크 직접분류,0.9871794871794872,0.16559139784946236
349,피크 직접분류,0.9871794871794872,0.16576964477933262
350,피크 직접분류,0.9871794871794872,0.16594827586206898
351,피크 직접분류,0.9871794871794872,0.16612729234088458
352,피크 직접분류,0.9871794871794872,0.16630669546436286
353,피크 직접분류,0.9871794871794872,0.16648648648648648
354,피크 직접분류,0.9871794871794872,0.16666666666666666
355,피크 직접분류,0.9871794871794872,0.1668472372697725
356,피크 직접분류,0.9871794871794872,0.16702819956616052
357,피크 직접분류,0.9871794871794872,0.16720955483170466
358,피크 직접분류,0.9871794871794872,0.1673913043478261
359,피크 직접분류,0.9871794871794872,0.16757344940152338
360,피크 직접분류,0.9871794871794872,0.16775599128540306
361,피크 직접분류,0.9871794871794872,0.16793893129770993
362,피크 직접분류,0.9871794871794872,0.16812227074235808
363,피크 직접분류,0.9871794871794872,0.16830601092896175
364,피크 직접분류,0.9871794871794872,0.16849015317286653
365,피크 직접분류,0.9871794871794872,0.1686746987951807
366,피크 직접분류,0.9871794871794872,0.16885964912280702
367,피크 직접분류,0.9871794871794872,0.1690450054884742
368,피크 직접분류,0.9871794871794872,0.16923076923076924
369,피크 직접분류,0.9871794871794872,0.1694169416941694
370,피크 직접분류,0.9871794871794872,0.1696035242290749
371,피크 직접분류,0.9871794871794872,0.16979051819184124
372,피크 직접분류,0.9871794871794872,0.16997792494481237
373,피크 직접분류,0.9871794871794872,0.17016574585635358
374,피크 직접분류,0.9871794871794872,0.17035398230088494
375,피크 직접분류,0.9871794871794872,0.17054263565891473
376,피크 직접분류,0.9871794871794872,0.17073170731707318
377,피크 직접분류,0.9871794871794872,0.1709211986681465
378,피크 직접분류,0.9871794871794872,0.1711111111111111
379,피크 직접분류,0.9871794871794872,0.17130144605116795
380,피크 직접분류,0.9871794871794872,0.1714922048997773
381,피크 직접분류,0.9871794871794872,0.1716833890746934
382,피크 직접분류,0.9871794871794872,0.171875
383,피크 직접분류,0.9871794871794872,0.17206703910614526
384,피크 직접분류,0.9871794871794872,0.17225950782997762
385,피크 직접분류,0.9871794871794872,0.17245240761478164
386,피크 직접분류,0.9871794871794872,0.1726457399103139
387,피크 직접분류,0.9871794871794872,0.1728395061728395
388,피크 직접분류,0.9871794871794872,0.17303370786516853
389,피크 직접분류,0.9871794871794872,0.1732283464566929
390,피크 직접분류,0.9871794871794872,0.17342342342342343
391,피크 직접분류,0.9871794871794872,0.17361894024802707
392,피크 직접분류,0.9871794871794872,0.17381489841986456
393,피크 직접분류,0.9871794871794872,0.17401129943502824
394,피크 직접분류,0.9871794871794872,0.17420814479638008
395,피크 직접분류,0.9871794871794872,0.17440543601359004
396,피크 직접분류,0.9871794871794872,0.1746031746031746
397,피크 직접분류,0.9871794871794872,0.17480136208853575
398,피크 직접분류,0.9871794871794872,0.175
399,피크 직접분류,0.9871794871794872,0.1751990898748578
400,피크 직접분류,0.9871794871794872,0.17539863325740318
401,피크 직접분류,0.9871794871794872,0.17559863169897377
402,피크 직접분류,0.9807692307692307,0.17465753424657535
403,피크 직접분류,0.9807692307692307,0.17485714285714285
404,피크 직접분류,0.9807692307692307,0.17505720823798626
405,피크 직접분류,0.9807692307692307,0.17525773195876287
406,피크 직접분류,0.9807692307692307,0.17545871559633028
407,피크 직접분류,0.9807692307692307,0.1756601607347876
408,피크 직접분류,0.9807692307692307,0.17586206896551723
409,피크 직접분류,0.9807692307692307,0.1760644418872267
410,피크 직접분류,0.9807692307692307,0.17626728110599077
411,피크 직접분류,0.9807692307692307,0.17647058823529413
412,피크 직접분류,0.9807692307692307,0.1766743648960739
413,피크 직접분류,0.9807692307692307,0.176878612716763
414,피크 직접분류,0.9807692307692307,0.17708333333333334
415,피크 직접분류,0.9807692307692307,0.1772885283893395
416,피크 직접분류,0.9807692307692307,0.17749419953596288
417,피크 직접분류,0.9807692307692307,0.17770034843205576
418,피크 직접분류,0.9807692307692307,0.17790697674418604
419,피크 직접분류,0.9807692307692307,0.1781140861466822
420,피크 직접분류,0.9807692307692307,0.17832167832167833
421,피크 직접분류,0.9807692307692307,0.17852975495915985
422,피크 직접분류,0.9807692307692307,0.17873831775700935
423,피크 직접분류,0.9807692307692307,0.17894736842105263
424,피크 직접분류,0.9807692307692307,0.1791569086651054
425,피크 직접분류,0.9807692307692307,0.17936694021101993
426,피크 직접분류,0.9807692307692307,0.1795774647887324
427,피크 직접분류,0.9807692307692307,0.1797884841363102
428,피크 직접분류,0.9807692307692307,0.18
429,피크 직접분류,0.9807692307692307,0.18021201413427562
430,피크 직접분류,0.9807692307692307,0.1804245283018868
431,피크 직접분류,0.9807692307692307,0.1806375442739079
432,피크 직접분류,0.9807692307692307,0.18085106382978725
433,피크 직접분류,0.9807692307692307,0.18106508875739644
434,피크 직접분류,0.9807692307692307,0.18127962085308058
435,피크 직접분류,0.9807692307692307,0.18149466192170818
436,피크 직접분류,0.9807692307692307,0.18171021377672208
437,피크 직접분류,0.9807692307692307,0.18192627824019025
438,피크 직접분류,0.9807692307692307,0.18214285714285713
439,피크 직접분류,0.9807692307692307,0.18235995232419547
440,피크 직접분류,0.9807692307692307,0.18257756563245822
441,피크 직접분류,0.9807692307692307,0.1827956989247312
442,피크 직접분류,0.9807692307692307,0.18301435406698566
443,피크 직접분류,0.9807692307692307,0.18323353293413175
444,피크 직접분류,0.9807692307692307,0.18345323741007194
445,피크 직접분류,0.9807692307692307,0.1836734693877551
446,피크 직접분류,0.9807692307692307,0.18389423076923078
447,피크 직접분류,0.9807692307692307,0.18411552346570398
448,피크 직접분류,0.9807692307692307,0.18433734939759036
449,피크 직접분류,0.9807692307692307,0.18455971049457176
450,피크 직접분류,0.9807692307692307,0.18478260869565216
451,피크 직접분류,0.9807692307692307,0.18500604594921402
452,피크 직접분류,0.9807692307692307,0.18523002421307505
453,피크 직접분류,0.9807692307692307,0.18545454545454546
454,피크 직접분류,0.9807692307692307,0.18567961165048544
455,피크 직접분류,0.9807692307692307,0.1859052247873633
456,피크 직접분류,0.9807692307692307,0.18613138686131386
457,피크 직접분류,0.9807692307692307,0.18635809987819732
458,피크 직접분류,0.9807692307692307,0.18658536585365854
459,피크 직접분류,0.9807692307692307,0.18681318681318682
460,피크 직접분류,0.9807692307692307,0.18704156479217604
461,피크 직접분류,0.9807692307692307,0.18727050183598531
462,피크 직접분류,0.9807692307692307,0.1875
463,피크 직접분류,0.9807692307692307,0.18773006134969325
464,피크 직접분류,0.9807692307692307,0.18796068796068796
465,피크 직접분류,0.9807692307692307,0.1881918819188192
466,피크 직접분류,0.9807692307692307,0.18842364532019704
467,피크 직접분류,0.9807692307692307,0.18865598027127004
468,피크 직접분류,0.9807692307692307,0.18888888888888888
469,피크 직접분류,0.9807692307692307,0.18912237330037082
470,피크 직접분류,0.9807692307692307,0.18935643564356436
471,피크 직접분류,0.9807692307692307,0.1895910780669145
472,피크 직접분류,0.9807692307692307,0.18982630272952852
473,피크 직접분류,0.9807692307692307,0.19006211180124225
474,피크 직접분류,0.9807692307692307,0.19029850746268656
475,피크 직접분류,0.9807692307692307,0.19053549190535493
476,피크 직접분류,0.9807692307692307,0.19077306733167082
477,피크 직접분류,0.9807692307692307,0.19101123595505617
478,피크 직접분류,0.9807692307692307,0.19125
479,피크 직접분류,0.9807692307692307,0.19148936170212766
480,피크 직접분류,0.9807692307692307,0.19172932330827067
481,피크 직접분류,0.9807692307692307,0.191969887076537
482,피크 직접분류,0.9807692307692307,0.1922110552763819
483,피크 직접분류,0.9807692307692307,0.19245283018867926
484,피크 직접분류,0.9807692307692307,0.19269521410579346
485,피크 직접분류,0.9807692307692307,0.19293820933165196
486,피크 직접분류,0.9807692307692307,0.19318181818181818
487,피크 직접분류,0.9807692307692307,0.1934260429835651
488,피크 직접분류,0.9807692307692307,0.19367088607594937
489,피크 직접분류,0.9807692307692307,0.19391634980988592
490,피크 직접분류,0.9807692307692307,0.19416243654822335
491,피크 직접분류,0.9807692307692307,0.19440914866581957
492,피크 직접분류,0.9807692307692307,0.1946564885496183
493,피크 직접분류,0.9807692307692307,0.19490445859872613
494,피크 직접분류,0.9807692307692307,0.1951530612244898
495,피크 직접분류,0.9807692307692307,0.19540229885057472
496,피크 직접분류,0.9807692307692307,0.1956521739130435
497,피크 직접분류,0.9807692307692307,0.19590268886043533
498,피크 직접분류,0.9807692307692307,0.19615384615384615
499,피크 직접분류,0.9807692307692307,0.196405648267009
500,피크 직접분류,0.9807692307692307,0.19665809768637532
501,피크 직접분류,0.9807692307692307,0.1969111969111969
502,피크 직접분류,0.9807692307692307,0.19716494845360824
503,피크 직접분류,0.9807692307692307,0.19741935483870968
504,피크 직접분류,0.9807692307692307,0.19767441860465115
505,피크 직접분류,0.9807692307692307,0.1979301423027167
506,피크 직접분류,0.9807692307692307,0.19818652849740934
507,피크 직접분류,0.9807692307692307,0.19844357976653695
508,피크 직접분류,0.9807692307692307,0.1987012987012987
509,피크 직접분류,0.9807692307692307,0.19895968790637192
510,피크 직접분류,0.9807692307692307,0.19921875
511,피크 직접분류,0.9807692307692307,0.19947848761408082
512,피크 직접분류,0.9807692307692307,0.19973890339425587
513,피크 직접분류,0.9807692307692307,0.2
514,피크 직접분류,0.9807692307692307,0.20026178010471204
515,피크 직접분류,0.9807692307692307,0.20052424639580602
516,피크 직접분류,0.9807692307692307,0.20078740157480315
517,피크 직접분류,0.9807692307692307,0.20105124835742444
518,피크 직접분류,0.9807692307692307,0.2013157894736842
519,피크 직접분류,0.9807692307692307,0.2015810276679842
520,피크 직접분류,0.9807692307692307,0.20184696569920843
521,피크 직접분류,0.9807692307692307,0.202113606340819
522,피크 직접분류,0.9807692307692307,0.20238095238095238
523,피크 직접분류,0.9807692307692307,0.20264900662251656
524,피크 직접분류,0.9807692307692307,0.20291777188328913
525,피크 직접분류,0.9807692307692307,0.20318725099601595
526,피크 직접분류,0.9807692307692307,0.20345744680851063
527,피크 직접분류,0.9807692307692307,0.20372836218375498
528,피크 직접분류,0.9807692307692307,0.204
529,피크 직접분류,0.9807692307692307,0.20427236315086783
530,피크 직접분류,0.9807692307692307,0.20454545454545456
531,피크 직접분류,0.9807692307692307,0.20481927710843373
532,피크 직접분류,0.9807692307692307,0.20509383378016086
533,피크 직접분류,0.9807692307692307,0.20536912751677852
534,피크 직접분류,0.9807692307692307,0.2056451612903226
535,피크 직접분류,0.9807692307692307,0.20592193808882908
536,피크 직접분류,0.9807692307692307,0.20619946091644206
537,피크 직접분류,0.9807692307692307,0.20647773279352227
538,피크 직접분류,0.9807692307692307,0.20675675675675675
539,피크 직접분류,0.9807692307692307,0.2070365358592693
540,피크 직접분류,0.9807692307692307,0.2073170731707317
541,피크 직접분류,0.9807692307692307,0.20759837177747625
542,피크 직접분류,0.9807692307692307,0.2078804347826087
543,피크 직접분류,0.9807692307692307,0.20816326530612245
544,피크 직접분류,0.9807692307692307,0.20844686648501362
545,피크 직접분류,0.9807692307692307,0.208731241473397
546,피크 직접분류,0.9807692307692307,0.20901639344262296
547,피크 직접분류,0.9807692307692307,0.20930232558139536
548,피크 직접분류,0.9807692307692307,0.2095890410958904
549,피크 직접분류,0.9807692307692307,0.20987654320987653
550,피크 직접분류,0.9807692307692307,0.21016483516483517
551,피크 직접분류,0.9807692307692307,0.21045392022008252
552,피크 직접분류,0.9807692307692307,0.21074380165289255
553,피크 직접분류,0.9807692307692307,0.2110344827586207
554,피크 직접분류,0.9807692307692307,0.21132596685082872
555,피크 직접분류,0.9743589743589743,0.21023513139695713
556,피크 직접분류,0.9743589743589743,0.21052631578947367
557,피크 직접분류,0.9743589743589743,0.21081830790568654
558,피크 직접분류,0.9743589743589743,0.2111111111111111
559,피크 직접분류,0.9743589743589743,0.2114047287899861
560,피크 직접분류,0.9743589743589743,0.2116991643454039
561,피크 직접분류,0.9743589743589743,0.21199442119944212
562,피크 직접분류,0.9743589743589743,0.2122905027932961
563,피크 직접분류,0.9743589743589743,0.2125874125874126
564,피크 직접분류,0.9743589743589743,0.21288515406162464
565,피크 직접분류,0.9743589743589743,0.2131837307152875
566,피크 직접분류,0.9743589743589743,0.21348314606741572
567,피크 직접분류,0.9743589743589743,0.21378340365682139
568,피크 직접분류,0.9743589743589743,0.2140845070422535
569,피크 직접분류,0.9743589743589743,0.2143864598025388
570,피크 직접분류,0.9743589743589743,0.21468926553672316
571,피크 직접분류,0.9743589743589743,0.214992927864215
572,피크 직접분류,0.9743589743589743,0.21529745042492918
573,피크 직접분류,0.9743589743589743,0.21560283687943263
574,피크 직접분류,0.9743589743589743,0.2159090909090909
575,피크 직접분류,0.9743589743589743,0.21621621621621623
576,피크 직접분류,0.9743589743589743,0.21652421652421652
577,피크 직접분류,0.9743589743589743,0.21683309557774608
578,피크 직접분류,0.9743589743589743,0.21714285714285714
579,피크 직접분류,0.9743589743589743,0.21745350500715308
580,피크 직접분류,0.9743589743589743,0.2177650429799427
581,피크 직접분류,0.9743589743589743,0.21807747489239598
582,피크 직접분류,0.9743589743589743,0.21839080459770116
583,피크 직접분류,0.9743589743589743,0.218705035971223
584,피크 직접분류,0.9743589743589743,0.21902017291066284
585,피크 직접분류,0.9743589743589743,0.21933621933621933
586,피크 직접분류,0.9743589743589743,0.21965317919075145
587,피크 직접분류,0.9743589743589743,0.2199710564399421
588,피크 직접분류,0.9743589743589743,0.22028985507246376
589,피크 직접분류,0.9743589743589743,0.22060957910014514
590,피크 직접분류,0.9743589743589743,0.22093023255813954
591,피크 직접분류,0.9743589743589743,0.22125181950509462
592,피크 직접분류,0.9743589743589743,0.22157434402332363
593,피크 직접분류,0.9743589743589743,0.22189781021897811
594,피크 직접분류,0.9743589743589743,0.2222222222222222
595,피크 직접분류,0.9743589743589743,0.2225475841874085
596,피크 직접분류,0.9743589743589743,0.22287390029325513
597,피크 직접분류,0.9743589743589743,0.22320117474302498
598,피크 직접분류,0.9743589743589743,0.2235294117647059
599,피크 직접분류,0.9743589743589743,0.22385861561119294
600,피크 직접분류,0.9743589743589743,0.22418879056047197
601,피크 직접분류,0.9743589743589743,0.22451994091580502
602,피크 직접분류,0.9743589743589743,0.22485207100591717
603,피크 직접분류,0.9743589743589743,0.22518518518518518
604,피크 직접분류,0.9743589743589743,0.22551928783382788
605,피크 직접분류,0.9743589743589743,0.22585438335809807
606,피크 직접분류,0.9743589743589743,0.2261904761904762
607,피크 직접분류,0.9743589743589743,0.22652757078986588
608,피크 직접분류,0.9743589743589743,0.22686567164179106
609,피크 직접분류,0.9743589743589743,0.22720478325859492
610,피크 직접분류,0.9743589743589743,0.2275449101796407
611,피크 직접분류,0.9743589743589743,0.22788605697151423
612,피크 직접분류,0.9743589743589743,0.22822822822822822
613,피크 직접분류,0.9743589743589743,0.22857142857142856
614,피크 직접분류,0.9743589743589743,0.2289156626506024
615,피크 직접분류,0.9743589743589743,0.22926093514328807
616,피크 직접분류,0.9743589743589743,0.229607250755287
617,피크 직접분류,0.9743589743589743,0.22995461422087746
618,피크 직접분류,0.9743589743589743,0.23030303030303031
619,피크 직접분류,0.9743589743589743,0.2306525037936267
620,피크 직접분류,0.9743589743589743,0.23100303951367782
621,피크 직접분류,0.9743589743589743,0.2313546423135464
622,피크 직접분류,0.9743589743589743,0.23170731707317074
623,피크 직접분류,0.9743589743589743,0.23206106870229007
624,피크 직접분류,0.9743589743589743,0.2324159021406728
625,피크 직접분류,0.9743589743589743,0.2327718223583461
626,피크 직접분류,0.9743589743589743,0.2331288343558282
627,피크 직접분류,0.9743589743589743,0.23348694316436253
628,피크 직접분류,0.9743589743589743,0.23384615384615384
629,피크 직접분류,0.9743589743589743,0.23420647149460708
630,피크 직접분류,0.9743589743589743,0.2345679012345679
631,피크 직접분류,0.9743589743589743,0.23493044822256567
632,피크 직접분류,0.9743589743589743,0.23529411764705882
633,피크 직접분류,0.9743589743589743,0.23565891472868217
634,피크 직접분류,0.9743589743589743,0.2360248447204969
635,피크 직접분류,0.9743589743589743,0.2363919129082426
636,피크 직접분류,0.9743589743589743,0.2367601246105919
637,피크 직접분류,0.9743589743589743,0.23712948517940718
638,피크 직접분류,0.9743589743589743,0.2375
639,피크 직접분류,0.9743589743589743,0.2378716744913928
640,피크 직접분류,0.9743589743589743,0.23824451410658307
641,피크 직접분류,0.9743589743589743,0.23861852433281006
642,피크 직접분류,0.9743589743589743,0.2389937106918239
643,피크 직접분류,0.9743589743589743,0.23937007874015748
644,피크 직접분류,0.9743589743589743,0.23974763406940064
645,피크 직접분류,0.9743589743589743,0.2401263823064771
646,피크 직접분류,0.9743589743589743,0.24050632911392406
647,피크 직접분류,0.9743589743589743,0.24088748019017434
648,피크 직접분류,0.9743589743589743,0.24126984126984127
649,피크 직접분류,0.9743589743589743,0.24165341812400637
650,피크 직접분류,0.9743589743589743,0.24203821656050956
651,피크 직접분류,0.9743589743589743,0.24242424242424243
652,피크 직접분류,0.9743589743589743,0.24281150159744408
653,피크 직접분류,0.9743589743589743,0.2432
654,피크 직접분류,0.9743589743589743,0.24358974358974358
655,피크 직접분류,0.9743589743589743,0.24398073836276082
656,피크 직접분류,0.9743589743589743,0.24437299035369775
657,피크 직접분류,0.9743589743589743,0.24476650563607086
658,피크 직접분류,0.9743589743589743,0.24516129032258063
659,피크 직접분류,0.9743589743589743,0.2455573505654281
660,피크 직접분류,0.9743589743589743,0.2459546925566343
661,피크 직접분류,0.9743589743589743,0.24635332252836303
662,피크 직접분류,0.9743589743589743,0.24675324675324675
663,피크 직접분류,0.9743589743589743,0.24715447154471545
664,피크 직접분류,0.9743589743589743,0.247557003257329
665,피크 직접분류,0.9743589743589743,0.24796084828711257
666,피크 직접분류,0.9743589743589743,0.24836601307189543
667,피크 직접분류,0.9743589743589743,0.24877250409165302
668,피크 직접분류,0.9743589743589743,0.24918032786885247
669,피크 직접분류,0.9743589743589743,0.24958949096880131
670,피크 직접분류,0.9743589743589743,0.25
671,피크 직접분류,0.9743589743589743,0.2504118616144975
672,피크 직접분류,0.9743589743589743,0.2508250825082508
673,피크 직접분류,0.9743589743589743,0.2512396694214876
674,피크 직접분류,0.9743589743589743,0.25165562913907286
675,피크 직접분류,0.9743589743589743,0.25207296849087896
676,피크 직접분류,0.9743589743589743,0.25249169435215946
677,피크 직접분류,0.9743589743589743,0.2529118136439268
678,피크 직접분류,0.9743589743589743,0.25333333333333335
679,피크 직접분류,0.9743589743589743,0.25375626043405675
680,피크 직접분류,0.9743589743589743,0.25418060200668896
681,피크 직접분류,0.9743589743589743,0.254606365159129
682,피크 직접분류,0.9743589743589743,0.2550335570469799
683,피크 직접분류,0.9743589743589743,0.25546218487394956
684,피크 직접분류,0.9743589743589743,0.2558922558922559
685,피크 직접분류,0.9743589743589743,0.2563237774030354
686,피크 직접분류,0.9743589743589743,0.25675675675675674
687,피크 직접분류,0.9743589743589743,0.2571912013536379
688,피크 직접분류,0.967948717948718,0.2559322033898305
689,피크 직접분류,0.967948717948718,0.2563667232597623
690,피크 직접분류,0.967948717948718,0.2568027210884354
691,피크 직접분류,0.967948717948718,0.2572402044293015
692,피크 직접분류,0.967948717948718,0.257679180887372
693,피크 직접분류,0.967948717948718,0.25811965811965815
694,피크 직접분류,0.967948717948718,0.2585616438356164
695,피크 직접분류,0.967948717948718,0.25900514579759865
696,피크 직접분류,0.967948717948718,0.25945017182130586
697,피크 직접분류,0.967948717948718,0.25989672977624784
698,피크 직접분류,0.967948717948718,0.2603448275862069
699,피크 직접분류,0.967948717948718,0.2607944732297064
700,피크 직접분류,0.967948717948718,0.26124567474048443
701,피크 직접분류,0.967948717948718,0.2616984402079723
702,피크 직접분류,0.967948717948718,0.2621527777777778
703,피크 직접분류,0.967948717948718,0.26260869565217393
704,피크 직접분류,0.967948717948718,0.26306620209059234
705,피크 직접분류,0.967948717948718,0.26352530541012215
706,피크 직접분류,0.967948717948718,0.263986013986014
707,피크 직접분류,0.967948717948718,0.26444833625218916
708,피크 직접분류,0.967948717948718,0.2649122807017544
709,피크 직접분류,0.967948717948718,0.26537785588752194
710,피크 직접분류,0.967948717948718,0.2658450704225352
711,피크 직접분류,0.967948717948718,0.26631393298059963
712,피크 직접분류,0.967948717948718,0.2667844522968198
713,피크 직접분류,0.967948717948718,0.2672566371681416
714,피크 직접분류,0.967948717948718,0.26773049645390073
715,피크 직접분류,0.967948717948718,0.2682060390763766
716,피크 직접분류,0.967948717948718,0.26868327402135234
717,피크 직접분류,0.967948717948718,0.26916221033868093
718,피크 직접분류,0.967948717948718,0.26964285714285713
719,피크 직접분류,0.967948717948718,0.2701252236135957
720,피크 직접분류,0.9615384615384616,0.26881720430107525
721,피크 직접분류,0.9615384615384616,0.26929982046678635
722,피크 직접분류,0.9615384615384616,0.2697841726618705
723,피크 직접분류,0.9615384615384616,0.2702702702702703
724,피크 직접분류,0.9615384615384616,0.27075812274368233
725,피크 직접분류,0.9615384615384616,0.27124773960216997
726,피크 직접분류,0.9615384615384616,0.2717391304347826
727,피크 직접분류,0.9615384615384616,0.27223230490018147
728,피크 직접분류,0.9615384615384616,0.2727272727272727
729,피크 직접분류,0.9615384615384616,0.273224043715847
730,피크 직접분류,0.9615384615384616,0.2737226277372263
731,피크 직접분류,0.9615384615384616,0.2742230347349177
732,피크 직접분류,0.9615384615384616,0.27472527472527475
733,피크 직접분류,0.9615384615384616,0.27522935779816515
734,피크 직접분류,0.9615384615384616,0.2757352941176471
735,피크 직접분류,0.9615384615384616,0.27624309392265195
736,피크 직접분류,0.9615384615384616,0.2767527675276753
737,피크 직접분류,0.9615384615384616,0.27726432532347506
738,피크 직접분류,0.9615384615384616,0.2777777777777778
739,피크 직접분류,0.9615384615384616,0.2782931354359926
740,피크 직접분류,0.9615384615384616,0.2788104089219331
741,피크 직접분류,0.9615384615384616,0.27932960893854747
742,피크 직접분류,0.9615384615384616,0.2798507462686567
743,피크 직접분류,0.9551282051282052,0.27850467289719627
744,피크 직접분류,0.9551282051282052,0.27902621722846443
745,피크 직접분류,0.9551282051282052,0.2795497185741088
746,피크 직접분류,0.9551282051282052,0.2800751879699248
747,피크 직접분류,0.9551282051282052,0.2806026365348399
748,피크 직접분류,0.9551282051282052,0.2811320754716981
749,피크 직접분류,0.9551282051282052,0.28166351606805295
750,피크 직접분류,0.9551282051282052,0.2821969696969697
751,피크 직접분류,0.9551282051282052,0.2827324478178368
752,피크 직접분류,0.9551282051282052,0.2832699619771863
753,피크 직접분류,0.9551282051282052,0.2838095238095238
754,피크 직접분류,0.9551282051282052,0.28435114503816794
755,피크 직접분류,0.9551282051282052,0.28489483747609945
756,피크 직접분류,0.9551282051282052,0.28544061302681994
757,피크 직접분류,0.9551282051282052,0.28598848368522073
758,피크 직접분류,0.9551282051282052,0.2865384615384615
759,피크 직접분류,0.9551282051282052,0.28709055876685935
760,피크 직접분류,0.9551282051282052,0.2876447876447876
761,피크 직접분류,0.9551282051282052,0.28820116054158607
762,피크 직접분류,0.9551282051282052,0.28875968992248063
763,피크 직접분류,0.9551282051282052,0.28932038834951457
764,피크 직접분류,0.9551282051282052,0.2898832684824903
765,피크 직접분류,0.9551282051282052,0.290448343079922
766,피크 직접분류,0.9551282051282052,0.291015625
767,피크 직접분류,0.9551282051282052,0.29158512720156554
768,피크 직접분류,0.9551282051282052,0.29215686274509806
769,피크 직접분류,0.9551282051282052,0.29273084479371314
770,피크 직접분류,0.9551282051282052,0.2933070866141732
771,피크 직접분류,0.9551282051282052,0.2938856015779093
772,피크 직접분류,0.9487179487179487,0.2924901185770751
773,피크 직접분류,0.9487179487179487,0.29306930693069305
774,피크 직접분류,0.9487179487179487,0.29365079365079366
775,피크 직접분류,0.9487179487179487,0.294234592445328
776,피크 직접분류,0.9487179487179487,0.2948207171314741
777,피크 직접분류,0.9423076923076923,0.2934131736526946
778,피크 직접분류,0.9423076923076923,0.294
779,피크 직접분류,0.9423076923076923,0.29458917835671344
780,피크 직접분류,0.9423076923076923,0.29518072289156627
781,피크 직접분류,0.9423076923076923,0.29577464788732394
782,피크 직접분류,0.9423076923076923,0.2963709677419355
783,피크 직접분류,0.9423076923076923,0.296969696969697
784,피크 직접분류,0.9423076923076923,0.2975708502024291
785,피크 직접분류,0.9423076923076923,0.29817444219066935
786,피크 직접분류,0.9423076923076923,0.29878048780487804
787,피크 직접분류,0.9423076923076923,0.29938900203665986
788,피크 직접분류,0.9423076923076923,0.3
789,피크 직접분류,0.9423076923076923,0.3006134969325153
790,피크 직접분류,0.9423076923076923,0.3012295081967213
791,피크 직접분류,0.9423076923076923,0.30184804928131415
792,피크 직접분류,0.9423076923076923,0.30246913580246915
793,피크 직접분류,0.9423076923076923,0.3030927835051546
794,피크 직접분류,0.9423076923076923,0.3037190082644628
795,피크 직접분류,0.9423076923076923,0.30434782608695654
796,피크 직접분류,0.9423076923076923,0.3049792531120332
797,피크 직접분류,0.9423076923076923,0.30561330561330563
798,피크 직접분류,0.9423076923076923,0.30625
799,피크 직접분류,0.9423076923076923,0.3068893528183716
800,피크 직접분류,0.9423076923076923,0.3075313807531381
801,피크 직접분류,0.9423076923076923,0.3081761006289308
802,피크 직접분류,0.9423076923076923,0.3088235294117647
803,피크 직접분류,0.9423076923076923,0.3094736842105263
804,피크 직접분류,0.9423076923076923,0.310126582278481
805,피크 직접분류,0.9423076923076923,0.3107822410147992
806,피크 직접분류,0.9423076923076923,0.3114406779661017
807,피크 직접분류,0.9358974358974359,0.3099787685774947
808,피크 직접분류,0.9358974358974359,0.31063829787234043
809,피크 직접분류,0.9358974358974359,0.31130063965884863
810,피크 직접분류,0.9358974358974359,0.31196581196581197
811,피크 직접분류,0.9358974358974359,0.31263383297644537
812,피크 직접분류,0.9294871794871795,0.3111587982832618
813,피크 직접분류,0.9294871794871795,0.3118279569892473
814,피크 직접분류,0.9294871794871795,0.3125
815,피크 직접분류,0.9294871794871795,0.31317494600431967
816,피크 직접분류,0.9294871794871795,0.31385281385281383
817,피크 직접분류,0.9294871794871795,0.31453362255965295
818,피크 직접분류,0.9294871794871795,0.31521739130434784
819,피크 직접분류,0.9294871794871795,0.3159041394335512
820,피크 직접분류,0.9230769230769231,0.314410480349345
821,피크 직접분류,0.9230769230769231,0.3150984682713348
822,피크 직접분류,0.9230769230769231,0.3157894736842105
823,피크 직접분류,0.9166666666666666,0.3142857142857143
824,피크 직접분류,0.9166666666666666,0.31497797356828194
825,피크 직접분류,0.9166666666666666,0.31567328918322296
826,피크 직접분류,0.9166666666666666,0.3163716814159292
827,피크 직접분류,0.9166666666666666,0.3170731707317073
828,피크 직접분류,0.9166666666666666,0.31777777777777777
829,피크 직접분류,0.9166666666666666,0.3184855233853007
830,피크 직접분류,0.9166666666666666,0.31919642857142855
831,피크 직접분류,0.9166666666666666,0.319910514541387
832,피크 직접분류,0.9166666666666666,0.32062780269058294
833,피크 직접분류,0.9166666666666666,0.32134831460674157
834,피크 직접분류,0.9166666666666666,0.32207207207207206
835,피크 직접분류,0.9166666666666666,0.3227990970654628
836,피크 직접분류,0.9166666666666666,0.3235294117647059
837,피크 직접분류,0.9166666666666666,0.3242630385487528
838,피크 직접분류,0.9166666666666666,0.325
839,피크 직접분류,0.9166666666666666,0.32574031890660593
840,피크 직접분류,0.9166666666666666,0.3264840182648402
841,피크 직접분류,0.9166666666666666,0.32723112128146453
842,피크 직접분류,0.9166666666666666,0.32798165137614677
843,피크 직접분류,0.9166666666666666,0.32873563218390806
844,피크 직접분류,0.9166666666666666,0.3294930875576037
845,피크 직접분류,0.9166666666666666,0.3302540415704388
846,피크 직접분류,0.9166666666666666,0.33101851851851855
847,피크 직접분류,0.9166666666666666,0.33178654292343385
848,피크 직접분류,0.9166666666666666,0.3325581395348837
849,피크 직접분류,0.9166666666666666,0.3333333333333333
850,피크 직접분류,0.9166666666666666,0.3341121495327103
851,피크 직접분류,0.9166666666666666,0.33489461358313816
852,피크 직접분류,0.9166666666666666,0.33568075117370894
853,피크 직접분류,0.9166666666666666,0.33647058823529413
854,피크 직접분류,0.9166666666666666,0.33726415094339623
855,피크 직접분류,0.9166666666666666,0.3380614657210402
856,피크 직접분류,0.9166666666666666,0.33886255924170616
857,피크 직접분류,0.9166666666666666,0.33966745843230406
858,피크 직접분류,0.9102564102564102,0.3380952380952381
859,피크 직접분류,0.9102564102564102,0.33890214797136037
860,피크 직접분류,0.9102564102564102,0.3397129186602871
861,피크 직접분류,0.9102564102564102,0.3405275779376499
862,피크 직접분류,0.9102564102564102,0.34134615384615385
863,피크 직접분류,0.9102564102564102,0.3421686746987952
864,피크 직접분류,0.9102564102564102,0.34299516908212563
865,피크 직접분류,0.9102564102564102,0.34382566585956414
866,피크 직접분류,0.9102564102564102,0.3446601941747573
867,피크 직접분류,0.9102564102564102,0.34549878345498786
868,피크 직접분류,0.9102564102564102,0.3463414634146341
869,피크 직접분류,0.9102564102564102,0.3471882640586797
870,피크 직접분류,0.9102564102564102,0.3480392156862745
871,피크 직접분류,0.9102564102564102,0.3488943488943489
872,피크 직접분류,0.9102564102564102,0.3497536945812808
873,피크 직접분류,0.9102564102564102,0.3506172839506173
874,피크 직접분류,0.9102564102564102,0.35148514851485146
875,피크 직접분류,0.9102564102564102,0.3523573200992556
876,피크 직접분류,0.9102564102564102,0.35323383084577115
877,피크 직접분류,0.9102564102564102,0.3541147132169576
878,피크 직접분류,0.9102564102564102,0.355
879,피크 직접분류,0.9102564102564102,0.3558897243107769
880,피크 직접분류,0.9102564102564102,0.35678391959798994
881,피크 직접분류,0.9102564102564102,0.35768261964735515
882,피크 직접분류,0.9102564102564102,0.35858585858585856
883,피크 직접분류,0.9102564102564102,0.3594936708860759
884,피크 직접분류,0.9102564102564102,0.3604060913705584
885,피크 직접분류,0.9102564102564102,0.361323155216285
886,피크 직접분류,0.9038461538461539,0.3596938775510204
887,피크 직접분류,0.9038461538461539,0.36061381074168797
888,피크 직접분류,0.9038461538461539,0.36153846153846153
889,피크 직접분류,0.9038461538461539,0.36246786632390743
890,피크 직접분류,0.9038461538461539,0.3634020618556701
891,피크 직접분류,0.9038461538461539,0.3643410852713178
892,피크 직접분류,0.9038461538461539,0.36528497409326427
893,피크 직접분류,0.9038461538461539,0.36623376623376624
894,피크 직접분류,0.9038461538461539,0.3671875
895,피크 직접분류,0.9038461538461539,0.3681462140992167
896,피크 직접분류,0.9038461538461539,0.36910994764397903
897,피크 직접분류,0.9038461538461539,0.3700787401574803
898,피크 직접분류,0.9038461538461539,0.37105263157894736
899,피크 직접분류,0.9038461538461539,0.3720316622691293
900,피크 직접분류,0.9038461538461539,0.373015873015873
901,피크 직접분류,0.9038461538461539,0.3740053050397878
902,피크 직접분류,0.9038461538461539,0.375
903,피크 직접분류,0.9038461538461539,0.376
904,피크 직접분류,0.9038461538461539,0.3770053475935829
905,피크 직접분류,0.9038461538461539,0.3780160857908847
906,피크 직접분류,0.9038461538461539,0.3790322580645161
907,피크 직접분류,0.8974358974358975,0.37735849056603776
908,피크 직접분류,0.8974358974358975,0.3783783783783784
909,피크 직접분류,0.8974358974358975,0.3794037940379404
910,피크 직접분류,0.8974358974358975,0.3804347826086957
911,피크 직접분류,0.8974358974358975,0.3814713896457766
912,피크 직접분류,0.8974358974358975,0.3825136612021858
913,피크 직접분류,0.8974358974358975,0.3835616438356164
914,피크 직접분류,0.8974358974358975,0.38461538461538464
915,피크 직접분류,0.8974358974358975,0.3856749311294766
916,피크 직접분류,0.8974358974358975,0.3867403314917127
917,피크 직접분류,0.8974358974358975,0.3878116343490305
918,피크 직접분류,0.8974358974358975,0.3888888888888889
919,피크 직접분류,0.8974358974358975,0.38997214484679665
920,피크 직접분류,0.8974358974358975,0.39106145251396646
921,피크 직접분류,0.8974358974358975,0.39215686274509803
922,피크 직접분류,0.8974358974358975,0.39325842696629215
923,피크 직접분류,0.8974358974358975,0.39436619718309857
924,피크 직접분류,0.8974358974358975,0.3954802259887006
925,피크 직접분류,0.8974358974358975,0.39660056657223797
926,피크 직접분류,0.8974358974358975,0.3977272727272727
927,피크 직접분류,0.8974358974358975,0.39886039886039887
928,피크 직접분류,0.8974358974358975,0.4
929,피크 직접분류,0.8974358974358975,0.40114613180515757
930,피크 직접분류,0.8974358974358975,0.40229885057471265
931,피크 직접분류,0.8974358974358975,0.4034582132564842
932,피크 직접분류,0.8974358974358975,0.4046242774566474
933,피크 직접분류,0.8974358974358975,0.4057971014492754
934,피크 직접분류,0.8974358974358975,0.4069767441860465
935,피크 직접분류,0.8974358974358975,0.40816326530612246
936,피크 직접분류,0.8974358974358975,0.4093567251461988
937,피크 직접분류,0.8974358974358975,0.41055718475073316
938,피크 직접분류,0.8974358974358975,0.4117647058823529
939,피크 직접분류,0.8974358974358975,0.41297935103244837
940,피크 직접분류,0.8910256410256411,0.41124260355029585
941,피크 직접분류,0.8910256410256411,0.4124629080118694
942,피크 직접분류,0.8910256410256411,0.41369047619047616
943,피크 직접분류,0.8910256410256411,0.41492537313432837
944,피크 직접분류,0.8910256410256411,0.4161676646706587
945,피크 직접분류,0.8910256410256411,0.4174174174174174
946,피크 직접분류,0.8910256410256411,0.4186746987951807
947,피크 직접분류,0.8846153846153846,0.4169184290030212
948,피크 직접분류,0.8846153846153846,0.41818181818181815
949,피크 직접분류,0.8846153846153846,0.4194528875379939
950,피크 직접분류,0.8846153846153846,0.42073170731707316
951,피크 직접분류,0.8846153846153846,0.42201834862385323
952,피크 직접분류,0.8782051282051282,0.42024539877300615
953,피크 직접분류,0.8717948717948718,0.41846153846153844
954,피크 직접분류,0.8717948717948718,0.41975308641975306
955,피크 직접분류,0.8717948717948718,0.42105263157894735
956,피크 직접분류,0.8653846153846154,0.4192546583850932
957,피크 직접분류,0.8653846153846154,0.4205607476635514
958,피크 직접분류,0.8653846153846154,0.421875
959,피크 직접분류,0.8589743589743589,0.4200626959247649
960,피크 직접분류,0.8589743589743589,0.42138364779874216
961,피크 직접분류,0.8589743589743589,0.4227129337539432
962,피크 직접분류,0.8589743589743589,0.4240506329113924
963,피크 직접분류,0.8525641025641025,0.4222222222222222
964,피크 직접분류,0.8525641025641025,0.42356687898089174
965,피크 직접분류,0.8525641025641025,0.4249201277955272
966,피크 직접분류,0.8525641025641025,0.42628205128205127
967,피크 직접분류,0.8525641025641025,0.42765273311897106
968,피크 직접분류,0.8461538461538461,0.4258064516129032
969,피크 직접분류,0.8461538461538461,0.42718446601941745
970,피크 직접분류,0.8461538461538461,0.42857142857142855
971,피크 직접분류,0.8461538461538461,0.42996742671009774
972,피크 직접분류,0.8461538461538461,0.43137254901960786
973,피크 직접분류,0.8461538461538461,0.43278688524590164
974,피크 직접분류,0.8461538461538461,0.4342105263157895
975,피크 직접분류,0.8461538461538461,0.43564356435643564
976,피크 직접분류,0.8461538461538461,0.4370860927152318
977,피크 직접분류,0.8397435897435898,0.43521594684385384
978,피크 직접분류,0.8397435897435898,0.43666666666666665
979,피크 직접분류,0.8397435897435898,0.43812709030100333
980,피크 직접분류,0.8397435897435898,0.4395973154362416
981,피크 직접분류,0.8333333333333334,0.4377104377104377
982,피크 직접분류,0.8333333333333334,0.4391891891891892
983,피크 직접분류,0.8333333333333334,0.4406779661016949
984,피크 직접분류,0.8269230769230769,0.4387755102040816
985,피크 직접분류,0.8269230769230769,0.4402730375426621
986,피크 직접분류,0.8269230769230769,0.4417808219178082
987,피크 직접분류,0.8269230769230769,0.44329896907216493
988,피크 직접분류,0.8269230769230769,0.44482758620689655
989,피크 직접분류,0.8269230769230769,0.4463667820069204
990,피크 직접분류,0.8269230769230769,0.4479166666666667
991,피크 직접분류,0.8269230769230769,0.44947735191637633
992,피크 직접분류,0.8269230769230769,0.45104895104895104
993,피크 직접분류,0.8205128205128205,0.44912280701754387
994,피크 직접분류,0.8205128205128205,0.4507042253521127
995,피크 직접분류,0.8205128205128205,0.45229681978798586
996,피크 직접분류,0.8205128205128205,0.45390070921985815
997,피크 직접분류,0.8205128205128205,0.4555160142348754
998,피크 직접분류,0.8205128205128205,0.45714285714285713
999,피크 직접분류,0.8141025641025641,0.4551971326164875
1000,피크 직접분류,0.8141025641025641,0.4568345323741007
1001,피크 직접분류,0.8141025641025641,0.4584837545126354
1002,피크 직접분류,0.8141025641025641,0.4601449275362319
1003,피크 직접분류,0.8141025641025641,0.4618181818181818
1004,피크 직접분류,0.8141025641025641,0.4635036496350365
1005,피크 직접분류,0.8141025641025641,0.4652014652014652
1006,피크 직접분류,0.8076923076923077,0.4632352941176471
1007,피크 직접분류,0.8012820512820513,0.4612546125461255
1008,피크 직접분류,0.8012820512820513,0.46296296296296297
1009,피크 직접분류,0.8012820512820513,0.4646840148698885
1010,피크 직접분류,0.8012820512820513,0.4664179104477612
1011,피크 직접분류,0.8012820512820513,0.4681647940074906
1012,피크 직접분류,0.8012820512820513,0.4699248120300752
1013,피크 직접분류,0.8012820512820513,0.4716981132075472
1014,피크 직접분류,0.7948717948717948,0.4696969696969697
1015,피크 직접분류,0.7948717948717948,0.4714828897338403
1016,피크 직접분류,0.7948717948717948,0.4732824427480916
1017,피크 직접분류,0.7948717948717948,0.47509578544061304
1018,피크 직접분류,0.7948717948717948,0.47692307692307695
1019,피크 직접분류,0.7884615384615384,0.4749034749034749
1020,피크 직접분류,0.7884615384615384,0.47674418604651164
1021,피크 직접분류,0.7884615384615384,0.4785992217898833
1022,피크 직접분류,0.7884615384615384,0.48046875
1023,피크 직접분류,0.7884615384615384,0.4823529411764706
1024,피크 직접분류,0.7884615384615384,0.484251968503937
1025,피크 직접분류,0.7884615384615384,0.48616600790513836
1026,피크 직접분류,0.7884615384615384,0.4880952380952381
1027,피크 직접분류,0.7884615384615384,0.4900398406374502
1028,피크 직접분류,0.782051282051282,0.488
1029,피크 직접분류,0.782051282051282,0.4899598393574297
1030,피크 직접분류,0.782051282051282,0.49193548387096775
1031,피크 직접분류,0.782051282051282,0.4939271255060729
1032,피크 직접분류,0.7756410256410257,0.491869918699187
1033,피크 직접분류,0.7756410256410257,0.49387755102040815
1034,피크 직접분류,0.7692307692307693,0.4918032786885246
1035,피크 직접분류,0.7628205128205128,0.4897119341563786
1036,피크 직접분류,0.7628205128205128,0.49173553719008267
1037,피크 직접분류,0.7628205128205128,0.49377593360995853
1038,피크 직접분류,0.7564102564102564,0.49166666666666664
1039,피크 직접분류,0.75,0.4895397489539749
1040,피크 직접분류,0.75,0.49159663865546216
1041,피크 직접분류,0.7435897435897436,0.48945147679324896
1042,피크 직접분류,0.7435897435897436,0.4915254237288136
1043,피크 직접분류,0.7435897435897436,0.49361702127659574
1044,피크 직접분류,0.7435897435897436,0.49572649572649574
1045,피크 직접분류,0.7435897435897436,0.4978540772532189
1046,피크 직접분류,0.7435897435897436,0.5
1047,피크 직접분류,0.7371794871794872,0.49783549783549785
1048,피크 직접분류,0.7371794871794872,0.5
1049,피크 직접분류,0.7371794871794872,0.5021834061135371
1050,피크 직접분류,0.7307692307692307,0.5
1051,피크 직접분류,0.7307692307692307,0.5022026431718062
1052,피크 직접분류,0.7243589743589743,0.5
1053,피크 직접분류,0.7243589743589743,0.5022222222222222
1054,피크 직접분류,0.717948717948718,0.5
1055,피크 직접분류,0.717948717948718,0.5022421524663677
1056,피크 직접분류,0.7115384615384616,0.5
1057,피크 직접분류,0.7051282051282052,0.497737556561086
1058,피크 직접분류,0.7051282051282052,0.5
1059,피크 직접분류,0.7051282051282052,0.502283105022831
1060,피크 직접분류,0.7051282051282052,0.5045871559633027
1061,피크 직접분류,0.7051282051282052,0.5069124423963134
1062,피크 직접분류,0.6987179487179487,0.5046296296296297
1063,피크 직접분류,0.6923076923076923,0.5023255813953489
1064,피크 직접분류,0.6858974358974359,0.5
1065,피크 직접분류,0.6794871794871795,0.49765258215962443
1066,피크 직접분류,0.6794871794871795,0.5
1067,피크 직접분류,0.6794871794871795,0.5023696682464455
1068,피크 직접분류,0.6730769230769231,0.5
1069,피크 직접분류,0.6730769230769231,0.5023923444976076
1070,피크 직접분류,0.6730769230769231,0.5048076923076923
1071,피크 직접분류,0.6666666666666666,0.5024154589371981
1072,피크 직접분류,0.6666666666666666,0.5048543689320388
1073,피크 직접분류,0.6666666666666666,0.5073170731707317
1074,피크 직접분류,0.6602564102564102,0.5049019607843137
1075,피크 직접분류,0.6602564102564102,0.5073891625615764
1076,피크 직접분류,0.6602564102564102,0.5099009900990099
1077,피크 직접분류,0.6602564102564102,0.5124378109452736
1078,피크 직접분류,0.6602564102564102,0.515
1079,피크 직접분류,0.6602564102564102,0.5175879396984925
1080,피크 직접분류,0.6602564102564102,0.5202020202020202
1081,피크 직접분류,0.6538461538461539,0.5177664974619289
1082,피크 직접분류,0.6538461538461539,0.5204081632653061
1083,피크 직접분류,0.6538461538461539,0.5230769230769231
1084,피크 직접분류,0.6538461538461539,0.5257731958762887
1085,피크 직접분류,0.6538461538461539,0.5284974093264249
1086,피크 직접분류,0.6474358974358975,0.5260416666666666
1087,피크 직접분류,0.6474358974358975,0.5287958115183246
1088,피크 직접분류,0.6410256410256411,0.5263157894736842
1089,피크 직접분류,0.6346153846153846,0.5238095238095238
1090,피크 직접분류,0.6346153846153846,0.526595744680851
1091,피크 직접분류,0.6346153846153846,0.5294117647058824
1092,피크 직접분류,0.6346153846153846,0.532258064516129
1093,피크 직접분류,0.6282051282051282,0.5297297297297298
1094,피크 직접분류,0.6217948717948718,0.5271739130434783
1095,피크 직접분류,0.6217948717948718,0.5300546448087432
1096,피크 직접분류,0.6153846153846154,0.5274725274725275
1097,피크 직접분류,0.6153846153846154,0.5303867403314917
1098,피크 직접분류,0.6153846153846154,0.5333333333333333
1099,피크 직접분류,0.6153846153846154,0.5363128491620112
1100,피크 직접분류,0.6153846153846154,0.5393258426966292
1101,피크 직접분류,0.6089743589743589,0.536723163841808
1102,피크 직접분류,0.6025641025641025,0.5340909090909091
1103,피크 직접분류,0.5961538461538461,0.5314285714285715
1104,피크 직접분류,0.5961538461538461,0.5344827586206896
1105,피크 직접분류,0.5961538461538461,0.5375722543352601
1106,피크 직접분류,0.5897435897435898,0.5348837209302325
1107,피크 직접분류,0.5897435897435898,0.5380116959064327
1108,피크 직접분류,0.5897435897435898,0.5411764705882353
1109,피크 직접분류,0.5833333333333334,0.5384615384615384
1110,피크 직접분류,0.5769230769230769,0.5357142857142857
1111,피크 직접분류,0.5705128205128205,0.5329341317365269
1112,피크 직접분류,0.5705128205128205,0.536144578313253
1113,피크 직접분류,0.5641025641025641,0.5333333333333333
1114,피크 직접분류,0.5576923076923077,0.5304878048780488
1115,피크 직접분류,0.5576923076923077,0.5337423312883436
1116,피크 직접분류,0.5576923076923077,0.5370370370370371
1117,피크 직접분류,0.5576923076923077,0.5403726708074534
1118,피크 직접분류,0.5576923076923077,0.54375
1119,피크 직접분류,0.5576923076923077,0.5471698113207547
1120,피크 직접분류,0.5512820512820513,0.5443037974683544
1121,피크 직접분류,0.5512820512820513,0.5477707006369427
1122,피크 직접분류,0.5448717948717948,0.5448717948717948
1123,피크 직접분류,0.5384615384615384,0.5419354838709678
1124,피크 직접분류,0.532051282051282,0.538961038961039
1125,피크 직접분류,0.5256410256410257,0.5359477124183006
1126,피크 직접분류,0.5256410256410257,0.5394736842105263
1127,피크 직접분류,0.5256410256410257,0.543046357615894
1128,피크 직접분류,0.5192307692307693,0.54
1129,피크 직접분류,0.5192307692307693,0.5436241610738255
1130,피크 직접분류,0.5128205128205128,0.5405405405405406
1131,피크 직접분류,0.5128205128205128,0.54421768707483
1132,피크 직접분류,0.5128205128205128,0.547945205479452
1133,피크 직접분류,0.5128205128205128,0.5517241379310345
1134,피크 직접분류,0.5064102564102564,0.5486111111111112
1135,피크 직접분류,0.5064102564102564,0.5524475524475524
1136,피크 직접분류,0.5,0.5492957746478874
1137,피크 직접분류,0.4935897435897436,0.5460992907801419
1138,피크 직접분류,0.4935897435897436,0.55
1139,피크 직접분류,0.4935897435897436,0.5539568345323741
1140,피크 직접분류,0.48717948717948717,0.5507246376811594
1141,피크 직접분류,0.48717948717948717,0.5547445255474452
1142,피크 직접분류,0.48717948717948717,0.5588235294117647
1143,피크 직접분류,0.48717948717948717,0.562962962962963
1144,피크 직접분류,0.48717948717948717,0.5671641791044776
1145,피크 직접분류,0.48717948717948717,0.5714285714285714
1146,피크 직접분류,0.4807692307692308,0.5681818181818182
1147,피크 직접분류,0.4807692307692308,0.5725190839694656
1148,피크 직접분류,0.4807692307692308,0.5769230769230769
1149,피크 직접분류,0.47435897435897434,0.5736434108527132
1150,피크 직접분류,0.46794871794871795,0.5703125
1151,피크 직접분류,0.46153846153846156,0.5669291338582677
1152,피크 직접분류,0.4551282051282051,0.5634920634920635
1153,피크 직접분류,0.4551282051282051,0.568
1154,피크 직접분류,0.44871794871794873,0.5645161290322581
1155,피크 직접분류,0.44871794871794873,0.5691056910569106
1156,피크 직접분류,0.4423076923076923,0.5655737704918032
1157,피크 직접분류,0.4358974358974359,0.5619834710743802
1158,피크 직접분류,0.42948717948717946,0.5583333333333333
1159,피크 직접분류,0.42948717948717946,0.5630252100840336
1160,피크 직접분류,0.42948717948717946,0.5677966101694916
1161,피크 직접분류,0.42948717948717946,0.5726495726495726
1162,피크 직접분류,0.4230769230769231,0.5689655172413793
1163,피크 직접분류,0.4230769230769231,0.5739130434782609
1164,피크 직접분류,0.4166666666666667,0.5701754385964912
1165,피크 직접분류,0.4166666666666667,0.5752212389380531
1166,피크 직접분류,0.41025641025641024,0.5714285714285714
1167,피크 직접분류,0.40384615384615385,0.5675675675675675
1168,피크 직접분류,0.3974358974358974,0.5636363636363636
1169,피크 직접분류,0.3974358974358974,0.5688073394495413
1170,피크 직접분류,0.391025641025641,0.5648148148148148
1171,피크 직접분류,0.38461538461538464,0.5607476635514018
1172,피크 직접분류,0.3782051282051282,0.5566037735849056
1173,피크 직접분류,0.3782051282051282,0.5619047619047619
1174,피크 직접분류,0.3782051282051282,0.5673076923076923
1175,피크 직접분류,0.3782051282051282,0.5728155339805825
1176,피크 직접분류,0.3782051282051282,0.5784313725490197
1177,피크 직접분류,0.3717948717948718,0.5742574257425742
1178,피크 직접분류,0.3717948717948718,0.58
1179,피크 직접분류,0.3717948717948718,0.5858585858585859
1180,피크 직접분류,0.3717948717948718,0.5918367346938775
1181,피크 직접분류,0.3717948717948718,0.5979381443298969
1182,피크 직접분류,0.36538461538461536,0.59375
1183,피크 직접분류,0.36538461538461536,0.6
1184,피크 직접분류,0.358974358974359,0.5957446808510638
1185,피크 직접분류,0.358974358974359,0.6021505376344086
1186,피크 직접분류,0.3525641025641026,0.5978260869565217
1187,피크 직접분류,0.3525641025641026,0.6043956043956044
1188,피크 직접분류,0.3525641025641026,0.6111111111111112
1189,피크 직접분류,0.3525641025641026,0.6179775280898876
1190,피크 직접분류,0.34615384615384615,0.6136363636363636
1191,피크 직접분류,0.33974358974358976,0.6091954022988506
1192,피크 직접분류,0.3333333333333333,0.6046511627906976
1193,피크 직접분류,0.3333333333333333,0.611764705882353
1194,피크 직접분류,0.3269230769230769,0.6071428571428571
1195,피크 직접분류,0.32051282051282054,0.6024096385542169
1196,피크 직접분류,0.32051282051282054,0.6097560975609756
1197,피크 직접분류,0.3141025641025641,0.6049382716049383
1198,피크 직접분류,0.3076923076923077,0.6
1199,피크 직접분류,0.3076923076923077,0.6075949367088608
1200,피크 직접분류,0.30128205128205127,0.6025641025641025
1201,피크 직접분류,0.30128205128205127,0.6103896103896104
1202,피크 직접분류,0.2948717948717949,0.6052631578947368
1203,피크 직접분류,0.2948717948717949,0.6133333333333333
1204,피크 직접분류,0.2948717948717949,0.6216216216216216
1205,피크 직접분류,0.2948717948717949,0.6301369863013698
1206,피크 직접분류,0.28846153846153844,0.625
1207,피크 직접분류,0.28205128205128205,0.6197183098591549
1208,피크 직접분류,0.27564102564102566,0.6142857142857143
1209,피크 직접분류,0.27564102564102566,0.6231884057971014
1210,피크 직접분류,0.2692307692307692,0.6176470588235294
1211,피크 직접분류,0.2692307692307692,0.6268656716417911
1212,피크 직접분류,0.2692307692307692,0.6363636363636364
1213,피크 직접분류,0.26282051282051283,0.6307692307692307
1214,피크 직접분류,0.2564102564102564,0.625
1215,피크 직접분류,0.2564102564102564,0.6349206349206349
1216,피크 직접분류,0.25,0.6290322580645161
1217,피크 직접분류,0.24358974358974358,0.6229508196721312
1218,피크 직접분류,0.24358974358974358,0.6333333333333333
1219,피크 직접분류,0.23717948717948717,0.6271186440677966
1220,피크 직접분류,0.23076923076923078,0.6206896551724138
1221,피크 직접분류,0.22435897435897437,0.6140350877192983
1222,피크 직접분류,0.22435897435897437,0.625
1223,피크 직접분류,0.21794871794871795,0.6181818181818182
1224,피크 직접분류,0.21153846153846154,0.6111111111111112
1225,피크 직접분류,0.20512820512820512,0.6037735849056604
1226,피크 직접분류,0.20512820512820512,0.6153846153846154
1227,피크 직접분류,0.1987179487179487,0.6078431372549019
1228,피크 직접분류,0.19230769230769232,0.6
1229,피크 직접분류,0.19230769230769232,0.6122448979591837
1230,피크 직접분류,0.19230769230769232,0.625
1231,피크 직접분류,0.1858974358974359,0.6170212765957447
1232,피크 직접분류,0.1794871794871795,0.6086956521739131
1233,피크 직접분류,0.17307692307692307,0.6
1234,피크 직접분류,0.16666666666666666,0.5909090909090909
1235,피크 직접분류,0.16666666666666666,0.6046511627906976
1236,피크 직접분류,0.16666666666666666,0.6190476190476191
1237,피크 직접분류,0.16025641025641027,0.6097560975609756
1238,피크 직접분류,0.15384615384615385,0.6
1239,피크 직접분류,0.14743589743589744,0.5897435897435898
1240,피크 직접분류,0.14743589743589744,0.6052631578947368
1241,피크 직접분류,0.14743589743589744,0.6216216216216216
1242,피크 직접분류,0.14102564102564102,0.6111111111111112
1243,피크 직접분류,0.1346153846153846,0.6
1244,피크 직접분류,0.1282051282051282,0.5882352941176471
1245,피크 직접분류,0.1282051282051282,0.6060606060606061
1246,피크 직접분류,0.1282051282051282,0.625
1247,피크 직접분류,0.12179487179487179,0.6129032258064516
1248,피크 직접분류,0.12179487179487179,0.6333333333333333
1249,피크 직접분류,0.11538461538461539,0.6206896551724138
1250,피크 직접분류,0.11538461538461539,0.6428571428571429
1251,피크 직접분류,0.11538461538461539,0.6666666666666666
1252,피크 직접분류,0.11538461538461539,0.6923076923076923
1253,피크 직접분류,0.10897435897435898,0.68
1254,피크 직접분류,0.10897435897435898,0.7083333333333334
1255,피크 직접분류,0.10256410256410256,0.6956521739130435
1256,피크 직접분류,0.09615384615384616,0.6818181818181818
1257,피크 직접분류,0.09615384615384616,0.7142857142857143
1258,피크 직접분류,0.08974358974358974,0.7
1259,피크 직접분류,0.08974358974358974,0.7368421052631579
1260,피크 직접분류,0.08333333333333333,0.7222222222222222
1261,피크 직접분류,0.08333333333333333,0.7647058823529411
1262,피크 직접분류,0.07692307692307693,0.75
1263,피크 직접분류,0.07692307692307693,0.8
1264,피크 직접분류,0.07051282051282051,0.7857142857142857
1265,피크 직접분류,0.0641025641025641,0.7692307692307693
1266,피크 직접분류,0.057692307692307696,0.75
1267,피크 직접분류,0.05128205128205128,0.7272727272727273
1268,피크 직접분류,0.04487179487179487,0.7
1269,피크 직접분류,0.038461538461538464,0.6666666666666666
1270,피크 직접분류,0.038461538461538464,0.75
1271,피크 직접분류,0.03205128205128205,0.7142857142857143
1272,피크 직접분류,0.03205128205128205,0.8333333333333334
1273,피크 직접분류,0.03205128205128205,1.0
1274,피크 직접분류,0.02564102564102564,1.0
1275,피크 직접분류,0.019230769230769232,1.0
1276,피크 직접분류,0.01282051282051282,1.0
1277,피크 직접분류,0.00641025641025641,1.0
1278,피크 직접분류,0.0,1.0
1279,2단계 레짐(3분류),1.0,0.12197028928850664
1280,2단계 레짐(3분류),1.0,0.12206572769953052
1281,2단계 레짐(3분류),1.0,0.12216131558339859
1282,2단계 레짐(3분류),1.0,0.12225705329153605
1283,2단계 레짐(3분류),1.0,0.1223529411764706
1284,2단계 레짐(3분류),1.0,0.12244897959183673
1285,2단계 레짐(3분류),1.0,0.12254516889238021
1286,2단계 레짐(3분류),1.0,0.12264150943396226
1287,2단계 레짐(3분류),1.0,0.12273800157356413
1288,2단계 레짐(3분류),1.0,0.12283464566929134
1289,2단계 레짐(3분류),1.0,0.12293144208037825
1290,2단계 레짐(3분류),1.0,0.12302839116719243
1291,2단계 레짐(3분류),1.0,0.12312549329123915
1292,2단계 레짐(3분류),1.0,0.12322274881516587
1293,2단계 레짐(3분류),1.0,0.1233201581027668
1294,2단계 레짐(3분류),1.0,0.12341772151898735
1295,2단계 레짐(3분류),1.0,0.12351543942992874
1296,2단계 레짐(3분류),1.0,0.12361331220285261
1297,2단계 레짐(3분류),1.0,0.12371134020618557
1298,2단계 레짐(3분류),1.0,0.12380952380952381
1299,2단계 레짐(3분류),1.0,0.12390786338363781
1300,2단계 레짐(3분류),1.0,0.12400635930047695
1301,2단계 레짐(3분류),1.0,0.12410501193317422
1302,2단계 레짐(3분류),1.0,0.12420382165605096
1303,2단계 레짐(3분류),1.0,0.12430278884462151
1304,2단계 레짐(3분류),1.0,0.12440191387559808
1305,2단계 레짐(3분류),1.0,0.12450119712689545
1306,2단계 레짐(3분류),1.0,0.12460063897763578
1307,2단계 레짐(3분류),1.0,0.12470023980815348
1308,2단계 레짐(3분류),1.0,0.1248
1309,2단계 레짐(3분류),1.0,0.12489991993594876
1310,2단계 레짐(3분류),1.0,0.125
1311,2단계 레짐(3분류),1.0,0.12510024057738572
1312,2단계 레짐(3분류),1.0,0.12520064205457465
1313,2단계 레짐(3분류),1.0,0.12530120481927712
1314,2단계 레짐(3분류),1.0,0.12540192926045016
1315,2단계 레짐(3분류),1.0,0.1255028157683025
1316,2단계 레짐(3분류),1.0,0.12560386473429952
1317,2단계 레짐(3분류),1.0,0.12570507655116842
1318,2단계 레짐(3분류),1.0,0.12580645161290321
1319,2단계 레짐(3분류),1.0,0.12590799031476999
1320,2단계 레짐(3분류),1.0,0.1260096930533118
1321,2단계 레짐(3분류),1.0,0.12611156022635409
1322,2단계 레짐(3분류),1.0,0.1262135922330097
1323,2단계 레짐(3분류),1.0,0.12631578947368421
1324,2단계 레짐(3분류),1.0,0.12641815235008103
1325,2단계 레짐(3분류),1.0,0.12652068126520682
1326,2단계 레짐(3분류),1.0,0.1266233766233766
1327,2단계 레짐(3분류),1.0,0.12672623883021933
1328,2단계 레짐(3분류),1.0,0.12682926829268293
1329,2단계 레짐(3분류),1.0,0.12693246541903988
1330,2단계 레짐(3분류),1.0,0.1270358306188925
1331,2단계 레짐(3분류),1.0,0.1271393643031785
1332,2단계 레짐(3분류),1.0,0.1272430668841762
1333,2단계 레짐(3분류),1.0,0.1273469387755102
1334,2단계 레짐(3분류),1.0,0.12745098039215685
1335,2단계 레짐(3분류),1.0,0.12755519215044972
1336,2단계 레짐(3분류),1.0,0.1276595744680851
1337,2단계 레짐(3분류),1.0,0.12776412776412777
1338,2단계 레짐(3분류),1.0,0.12786885245901639
1339,2단계 레짐(3분류),1.0,0.1279737489745693
1340,2단계 레짐(3분류),1.0,0.12807881773399016
1341,2단계 레짐(3분류),1.0,0.12818405916187345
1342,2단계 레짐(3분류),1.0,0.12828947368421054
1343,2단계 레짐(3분류),1.0,0.12839506172839507
1344,2단계 레짐(3분류),1.0,0.128500823723229
1345,2단계 레짐(3분류),1.0,0.12860676009892827
1346,2단계 레짐(3분류),1.0,0.12871287128712872
1347,2단계 레짐(3분류),1.0,0.12881915772089184
1348,2단계 레짐(3분류),1.0,0.12892561983471074
1349,2단계 레짐(3분류),1.0,0.12903225806451613
1350,2단계 레짐(3분류),1.0,0.1291390728476821
1351,2단계 레짐(3분류),1.0,0.12924606462303231
1352,2단계 레짐(3분류),1.0,0.12935323383084577
1353,2단계 레짐(3분류),1.0,0.12946058091286308
1354,2단계 레짐(3분류),1.0,0.12956810631229235
1355,2단계 레짐(3분류),1.0,0.12967581047381546
1356,2단계 레짐(3분류),1.0,0.129783693843594
1357,2단계 레짐(3분류),1.0,0.1298917568692756
1358,2단계 레짐(3분류),1.0,0.13
1359,2단계 레짐(3분류),1.0,0.13010842368640535
1360,2단계 레짐(3분류),1.0,0.1302170283806344
1361,2단계 레짐(3분류),1.0,0.13032581453634084
1362,2단계 레짐(3분류),1.0,0.13043478260869565
1363,2단계 레짐(3분류),1.0,0.1305439330543933
1364,2단계 레짐(3분류),1.0,0.1306532663316583
1365,2단계 레짐(3분류),1.0,0.13076278290025148
1366,2단계 레짐(3분류),1.0,0.13087248322147652
1367,2단계 레짐(3분류),1.0,0.1309823677581864
1368,2단계 레짐(3분류),1.0,0.13109243697478992
1369,2단계 레짐(3분류),1.0,0.1312026913372582
1370,2단계 레짐(3분류),1.0,0.13131313131313133
1371,2단계 레짐(3분류),1.0,0.13142375737152484
1372,2단계 레짐(3분류),1.0,0.1315345699831366
1373,2단계 레짐(3분류),1.0,0.13164556962025317
1374,2단계 레짐(3분류),1.0,0.13175675675675674
1375,2단계 레짐(3분류),1.0,0.13186813186813187
1376,2단계 레짐(3분류),1.0,0.1319796954314721
1377,2단계 레짐(3분류),1.0,0.13209144792548688
1378,2단계 레짐(3분류),1.0,0.13220338983050847
1379,2단계 레짐(3분류),1.0,0.13231552162849872
1380,2단계 레짐(3분류),1.0,0.13242784380305603
1381,2단계 레짐(3분류),1.0,0.13254035683942225
1382,2단계 레짐(3분류),1.0,0.1326530612244898
1383,2단계 레짐(3분류),1.0,0.1327659574468085
1384,2단계 레짐(3분류),1.0,0.13287904599659284
1385,2단계 레짐(3분류),1.0,0.1329923273657289
1386,2단계 레짐(3분류),1.0,0.13310580204778158
1387,2단계 레짐(3분류),1.0,0.1332194705380017
1388,2단계 레짐(3분류),1.0,0.13333333333333333
1389,2단계 레짐(3분류),1.0,0.13344739093242086
1390,2단계 레짐(3분류),1.0,0.13356164383561644
1391,2단계 레짐(3분류),1.0,0.13367609254498714
1392,2단계 레짐(3분류),1.0,0.13379073756432247
1393,2단계 레짐(3분류),1.0,0.13390557939914163
1394,2단계 레짐(3분류),1.0,0.13402061855670103
1395,2단계 레짐(3분류),1.0,0.13413585554600171
1396,2단계 레짐(3분류),1.0,0.1342512908777969
1397,2단계 레짐(3분류),1.0,0.1343669250645995
1398,2단계 레짐(3분류),1.0,0.13448275862068965
1399,2단계 레짐(3분류),1.0,0.13459879206212252
1400,2단계 레짐(3분류),1.0,0.13471502590673576
1401,2단계 레짐(3분류),1.0,0.1348314606741573
1402,2단계 레짐(3분류),1.0,0.13494809688581316
1403,2단계 레짐(3분류),1.0,0.13506493506493505
1404,2단계 레짐(3분류),1.0,0.13518197573656845
1405,2단계 레짐(3분류),1.0,0.13529921942758022
1406,2단계 레짐(3분류),1.0,0.13541666666666666
1407,2단계 레짐(3분류),1.0,0.1355343179843614
1408,2단계 레짐(3분류),1.0,0.1356521739130435
1409,2단계 레짐(3분류),1.0,0.13577023498694518
1410,2단계 레짐(3분류),1.0,0.13588850174216027
1411,2단계 레짐(3분류),1.0,0.13600697471665213
1412,2단계 레짐(3분류),1.0,0.13612565445026178
1413,2단계 레짐(3분류),1.0,0.13624454148471615
1414,2단계 레짐(3분류),1.0,0.13636363636363635
1415,2단계 레짐(3분류),1.0,0.13648293963254593
1416,2단계 레짐(3분류),1.0,0.13660245183887915
1417,2단계 레짐(3분류),1.0,0.13672217353198948
1418,2단계 레짐(3분류),1.0,0.1368421052631579
1419,2단계 레짐(3분류),1.0,0.1369622475856014
1420,2단계 레짐(3분류),1.0,0.13708260105448156
1421,2단계 레짐(3분류),1.0,0.13720316622691292
1422,2단계 레짐(3분류),1.0,0.13732394366197184
1423,2단계 레짐(3분류),1.0,0.13744493392070484
1424,2단계 레짐(3분류),1.0,0.13756613756613756
1425,2단계 레짐(3분류),1.0,0.13768755516328332
1426,2단계 레짐(3분류),1.0,0.13780918727915195
1427,2단계 레짐(3분류),1.0,0.13793103448275862
1428,2단계 레짐(3분류),1.0,0.13805309734513274
1429,2단계 레짐(3분류),1.0,0.13817537643932684
1430,2단계 레짐(3분류),1.0,0.13829787234042554
1431,2단계 레짐(3분류),1.0,0.13842058562555457
1432,2단계 레짐(3분류),1.0,0.13854351687388988
1433,2단계 레짐(3분류),1.0,0.13866666666666666
1434,2단계 레짐(3분류),1.0,0.1387900355871886
1435,2단계 레짐(3분류),1.0,0.13891362422083706
1436,2단계 레짐(3분류),1.0,0.13903743315508021
1437,2단계 레짐(3분류),1.0,0.1391614629794826
1438,2단계 레짐(3분류),1.0,0.1392857142857143
1439,2단계 레짐(3분류),1.0,0.13941018766756033
1440,2단계 레짐(3분류),1.0,0.13953488372093023
1441,2단계 레짐(3분류),1.0,0.1396598030438675
1442,2단계 레짐(3분류),1.0,0.13978494623655913
1443,2단계 레짐(3분류),1.0,0.13991031390134528
1444,2단계 레짐(3분류),1.0,0.1400359066427289
1445,2단계 레짐(3분류),1.0,0.14016172506738545
1446,2단계 레짐(3분류),1.0,0.14028776978417265
1447,2단계 레짐(3분류),1.0,0.1404140414041404
1448,2단계 레짐(3분류),1.0,0.14054054054054055
1449,2단계 레짐(3분류),1.0,0.1406672678088368
1450,2단계 레짐(3분류),1.0,0.1407942238267148
1451,2단계 레짐(3분류),1.0,0.14092140921409213
1452,2단계 레짐(3분류),1.0,0.1410488245931284
1453,2단계 레짐(3분류),1.0,0.1411764705882353
1454,2단계 레짐(3분류),1.0,0.14130434782608695
1455,2단계 레짐(3분류),1.0,0.1414324569356301
1456,2단계 레짐(3분류),1.0,0.14156079854809436
1457,2단계 레짐(3분류),1.0,0.14168937329700274
1458,2단계 레짐(3분류),1.0,0.14181818181818182
1459,2단계 레짐(3분류),1.0,0.14194722474977253
1460,2단계 레짐(3분류),1.0,0.14207650273224043
1461,2단계 레짐(3분류),1.0,0.1422060164083865
1462,2단계 레짐(3분류),1.0,0.14233576642335766
1463,2단계 레짐(3분류),1.0,0.14246575342465753
1464,2단계 레짐(3분류),1.0,0.1425959780621572
1465,2단계 레짐(3분류),1.0,0.14272644098810613
1466,2단계 레짐(3분류),1.0,0.14285714285714285
1467,2단계 레짐(3분류),1.0,0.14298808432630614
1468,2단계 레짐(3분류),1.0,0.14311926605504588
1469,2단계 레짐(3분류),1.0,0.14325068870523416
1470,2단계 레짐(3분류),1.0,0.14338235294117646
1471,2단계 레짐(3분류),1.0,0.14351425942962281
1472,2단계 레짐(3분류),1.0,0.143646408839779
1473,2단계 레짐(3분류),1.0,0.14377880184331798
1474,2단계 레짐(3분류),1.0,0.14391143911439114
1475,2단계 레짐(3분류),1.0,0.1440443213296399
1476,2단계 레짐(3분류),1.0,0.14417744916820702
1477,2단계 레짐(3분류),1.0,0.14431082331174838
1478,2단계 레짐(3분류),1.0,0.14444444444444443
1479,2단계 레짐(3분류),1.0,0.14457831325301204
1480,2단계 레짐(3분류),1.0,0.14471243042671614
1481,2단계 레짐(3분류),1.0,0.14484679665738162
1482,2단계 레짐(3분류),1.0,0.1449814126394052
1483,2단계 레짐(3분류),1.0,0.14511627906976743
1484,2단계 레짐(3분류),1.0,0.1452513966480447
1485,2단계 레짐(3분류),1.0,0.14538676607642126
1486,2단계 레짐(3분류),1.0,0.1455223880597015
1487,2단계 레짐(3분류),1.0,0.14565826330532214
1488,2단계 레짐(3분류),1.0,0.14579439252336449
1489,2단계 레짐(3분류),1.0,0.14593077642656688
1490,2단계 레짐(3분류),1.0,0.14606741573033707
1491,2단계 레짐(3분류),1.0,0.14620431115276475
1492,2단계 레짐(3분류),1.0,0.14634146341463414
1493,2단계 레짐(3분류),1.0,0.14647887323943662
1494,2단계 레짐(3분류),1.0,0.14661654135338345
1495,2단계 레짐(3분류),1.0,0.14675446848541862
1496,2단계 레짐(3분류),1.0,0.14689265536723164
1497,2단계 레짐(3분류),1.0,0.1470311027332705
1498,2단계 레짐(3분류),1.0,0.1471698113207547
1499,2단계 레짐(3분류),1.0,0.14730878186968838
1500,2단계 레짐(3분류),1.0,0.14744801512287334
1501,2단계 레짐(3분류),1.0,0.14758751182592242
1502,2단계 레짐(3분류),1.0,0.14772727272727273
1503,2단계 레짐(3분류),1.0,0.14786729857819905
1504,2단계 레짐(3분류),1.0,0.14800759013282733
1505,2단계 레짐(3분류),1.0,0.14814814814814814
1506,2단계 레짐(3분류),1.0,0.1482889733840304
1507,2단계 레짐(3분류),1.0,0.14843006660323502
1508,2단계 레짐(3분류),1.0,0.14857142857142858
1509,2단계 레짐(3분류),1.0,0.14871306005719734
1510,2단계 레짐(3분류),1.0,0.14885496183206107
1511,2단계 레짐(3분류),1.0,0.1489971346704871
1512,2단계 레짐(3분류),1.0,0.1491395793499044
1513,2단계 레짐(3분류),1.0,0.1492822966507177
1514,2단계 레짐(3분류),1.0,0.14942528735632185
1515,2단계 레짐(3분류),1.0,0.14956855225311602
1516,2단계 레짐(3분류),1.0,0.14971209213051823
1517,2단계 레짐(3분류),1.0,0.14985590778097982
1518,2단계 레짐(3분류),1.0,0.15
1519,2단계 레짐(3분류),1.0,0.15014436958614052
1520,2단계 레짐(3분류),1.0,0.15028901734104047
1521,2단계 레짐(3분류),1.0,0.15043394406943106
1522,2단계 레짐(3분류),1.0,0.15057915057915058
1523,2단계 레짐(3분류),1.0,0.15072463768115943
1524,2단계 레짐(3분류),1.0,0.15087040618955513
1525,2단계 레짐(3분류),1.0,0.1510164569215876
1526,2단계 레짐(3분류),1.0,0.1511627906976744
1527,2단계 레짐(3분류),1.0,0.1513094083414161
1528,2단계 레짐(3분류),1.0,0.15145631067961166
1529,2단계 레짐(3분류),1.0,0.15160349854227406
1530,2단계 레짐(3분류),1.0,0.1517509727626459
1531,2단계 레짐(3분류),1.0,0.1518987341772152
1532,2단계 레짐(3분류),1.0,0.15204678362573099
1533,2단계 레짐(3분류),1.0,0.1521951219512195
1534,2단계 레짐(3분류),1.0,0.15234375
1535,2단계 레짐(3분류),1.0,0.15249266862170088
1536,2단계 레짐(3분류),1.0,0.15264187866927592
1537,2단계 레짐(3분류),1.0,0.15279138099902057
1538,2단계 레짐(3분류),1.0,0.15294117647058825
1539,2단계 레짐(3분류),1.0,0.15309126594700687
1540,2단계 레짐(3분류),1.0,0.15324165029469547
1541,2단계 레짐(3분류),1.0,0.15339233038348082
1542,2단계 레짐(3분류),1.0,0.15354330708661418
1543,2단계 레짐(3분류),1.0,0.15369458128078817
1544,2단계 레짐(3분류),1.0,0.15384615384615385
1545,2단계 레짐(3분류),1.0,0.1539980256663376
1546,2단계 레짐(3분류),1.0,0.1541501976284585
1547,2단계 레짐(3분류),1.0,0.1543026706231454
1548,2단계 레짐(3분류),1.0,0.15445544554455445
1549,2단계 레짐(3분류),1.0,0.15460852329038652
1550,2단계 레짐(3분류),1.0,0.15476190476190477
1551,2단계 레짐(3분류),1.0,0.15491559086395235
1552,2단계 레짐(3분류),1.0,0.1550695825049702
1553,2단계 레짐(3분류),1.0,0.15522388059701492
1554,2단계 레짐(3분류),1.0,0.1553784860557769
1555,2단계 레짐(3분류),1.0,0.15553339980059822
1556,2단계 레짐(3분류),1.0,0.15568862275449102
1557,2단계 레짐(3분류),1.0,0.15584415584415584
1558,2단계 레짐(3분류),1.0,0.156
1559,2단계 레짐(3분류),1.0,0.15615615615615616
1560,2단계 레짐(3분류),1.0,0.156312625250501
1561,2단계 레짐(3분류),1.0,0.15646940822467403
1562,2단계 레짐(3분류),1.0,0.1566265060240964
1563,2단계 레짐(3분류),1.0,0.15678391959798996
1564,2단계 레짐(3분류),1.0,0.15694164989939638
1565,2단계 레짐(3분류),1.0,0.15709969788519637
1566,2단계 레짐(3분류),1.0,0.15725806451612903
1567,2단계 레짐(3분류),1.0,0.1574167507568113
1568,2단계 레짐(3분류),1.0,0.15757575757575756
1569,2단계 레짐(3분류),1.0,0.1577350859453994
1570,2단계 레짐(3분류),1.0,0.15789473684210525
1571,2단계 레짐(3분류),1.0,0.1580547112462006
1572,2단계 레짐(3분류),1.0,0.15821501014198783
1573,2단계 레짐(3분류),1.0,0.15837563451776648
1574,2단계 레짐(3분류),1.0,0.15853658536585366
1575,2단계 레짐(3분류),1.0,0.15869786368260427
1576,2단계 레짐(3분류),1.0,0.15885947046843177
1577,2단계 레짐(3분류),1.0,0.15902140672782875
1578,2단계 레짐(3분류),1.0,0.15918367346938775
1579,2단계 레짐(3분류),1.0,0.15934627170582227
1580,2단계 레짐(3분류),1.0,0.15950920245398773
1581,2단계 레짐(3분류),1.0,0.15967246673490276
1582,2단계 레짐(3분류),1.0,0.1598360655737705
1583,2단계 레짐(3분류),1.0,0.16
1584,2단계 레짐(3분류),1.0,0.1601642710472279
1585,2단계 레짐(3분류),1.0,0.16032887975334018
1586,2단계 레짐(3분류),1.0,0.16049382716049382
1587,2단계 레짐(3분류),1.0,0.16082474226804125
1588,2단계 레짐(3분류),1.0,0.1609907120743034
1589,2단계 레짐(3분류),1.0,0.16115702479338842
1590,2단계 레짐(3분류),1.0,0.16132368148914167
1591,2단계 레짐(3분류),1.0,0.16149068322981366
1592,2단계 레짐(3분류),1.0,0.1616580310880829
1593,2단계 레짐(3분류),1.0,0.16182572614107885
1594,2단계 레짐(3분류),1.0,0.16199376947040497
1595,2단계 레짐(3분류),1.0,0.16216216216216217
1596,2단계 레짐(3분류),1.0,0.16233090530697192
1597,2단계 레짐(3분류),1.0,0.1625
1598,2단계 레짐(3분류),1.0,0.16266944734098018
1599,2단계 레짐(3분류),1.0,0.162839248434238
1600,2단계 레짐(3분류),1.0,0.16300940438871472
1601,2단계 레짐(3분류),1.0,0.16317991631799164
1602,2단계 레짐(3분류),1.0,0.16335078534031414
1603,2단계 레짐(3분류),1.0,0.16352201257861634
1604,2단계 레짐(3분류),1.0,0.16369359916054566
1605,2단계 레짐(3분류),1.0,0.1638655462184874
1606,2단계 레짐(3분류),1.0,0.1640378548895899
1607,2단계 레짐(3분류),1.0,0.16421052631578947
1608,2단계 레짐(3분류),1.0,0.1643835616438356
1609,2단계 레짐(3분류),1.0,0.16455696202531644
1610,2단계 레짐(3분류),1.0,0.16473072861668428
1611,2단계 레짐(3분류),1.0,0.1649048625792812
1612,2단계 레짐(3분류),1.0,0.16507936507936508
1613,2단계 레짐(3분류),1.0,0.1652542372881356
1614,2단계 레짐(3분류),1.0,0.16542948038176034
1615,2단계 레짐(3분류),1.0,0.16560509554140126
1616,2단계 레짐(3분류),1.0,0.16578108395324123
1617,2단계 레짐(3분류),1.0,0.16595744680851063
1618,2단계 레짐(3분류),1.0,0.16613418530351437
1619,2단계 레짐(3분류),1.0,0.16631130063965885
1620,2단계 레짐(3분류),1.0,0.1664887940234792
1621,2단계 레짐(3분류),1.0,0.16666666666666666
1622,2단계 레짐(3분류),1.0,0.16684491978609625
1623,2단계 레짐(3분류),1.0,0.1670235546038544
1624,2단계 레짐(3분류),1.0,0.16720257234726688
1625,2단계 레짐(3분류),1.0,0.16738197424892703
1626,2단계 레짐(3분류),1.0,0.16756176154672395
1627,2단계 레짐(3분류),1.0,0.16774193548387098
1628,2단계 레짐(3분류),1.0,0.16792249730893433
1629,2단계 레짐(3분류),1.0,0.16810344827586207
1630,2단계 레짐(3분류),1.0,0.16828478964401294
1631,2단계 레짐(3분류),1.0,0.16846652267818574
1632,2단계 레짐(3분류),1.0,0.16864864864864865
1633,2단계 레짐(3분류),1.0,0.16883116883116883
1634,2단계 레짐(3분류),1.0,0.16901408450704225
1635,2단계 레짐(3분류),1.0,0.16919739696312364
1636,2단계 레짐(3분류),1.0,0.16938110749185667
1637,2단계 레짐(3분류),1.0,0.16956521739130434
1638,2단계 레짐(3분류),1.0,0.16974972796517954
1639,2단계 레짐(3분류),1.0,0.16993464052287582
1640,2단계 레짐(3분류),1.0,0.17011995637949837
1641,2단계 레짐(3분류),1.0,0.1703056768558952
1642,2단계 레짐(3분류),1.0,0.17049180327868851
1643,2단계 레짐(3분류),1.0,0.17067833698030635
1644,2단계 레짐(3분류),1.0,0.17086527929901424
1645,2단계 레짐(3분류),1.0,0.17105263157894737
1646,2단계 레짐(3분류),1.0,0.1712403951701427
1647,2단계 레짐(3분류),1.0,0.17142857142857143
1648,2단계 레짐(3분류),1.0,0.1716171617161716
1649,2단계 레짐(3분류),1.0,0.17180616740088106
1650,2단계 레짐(3분류),1.0,0.17199558985667035
1651,2단계 레짐(3분류),1.0,0.17218543046357615
1652,2단계 레짐(3분류),1.0,0.1723756906077348
1653,2단계 레짐(3분류),1.0,0.17256637168141592
1654,2단계 레짐(3분류),1.0,0.17275747508305647
1655,2단계 레짐(3분류),1.0,0.1729490022172949
1656,2단계 레짐(3분류),1.0,0.17314095449500555
1657,2단계 레짐(3분류),1.0,0.17333333333333334
1658,2단계 레짐(3분류),1.0,0.1735261401557286
1659,2단계 레짐(3분류),1.0,0.17371937639198218
1660,2단계 레짐(3분류),1.0,0.17391304347826086
1661,2단계 레짐(3분류),1.0,0.17410714285714285
1662,2단계 레짐(3분류),1.0,0.17430167597765364
1663,2단계 레짐(3분류),1.0,0.174496644295302
1664,2단계 레짐(3분류),1.0,0.17469204927211646
1665,2단계 레짐(3분류),1.0,0.17488789237668162
1666,2단계 레짐(3분류),1.0,0.1750841750841751
1667,2단계 레짐(3분류),1.0,0.1752808988764045
1668,2단계 레짐(3분류),1.0,0.17547806524184478
1669,2단계 레짐(3분류),1.0,0.17567567567567569
1670,2단계 레짐(3분류),1.0,0.17587373167981962
1671,2단계 레짐(3분류),1.0,0.17607223476297967
1672,2단계 레짐(3분류),1.0,0.17627118644067796
1673,2단계 레짐(3분류),1.0,0.17647058823529413
1674,2단계 레짐(3분류),1.0,0.17667044167610418
1675,2단계 레짐(3분류),1.0,0.17687074829931973
1676,2단계 레짐(3분류),1.0,0.17707150964812712
1677,2단계 레짐(3분류),1.0,0.17727272727272728
1678,2단계 레짐(3분류),1.0,0.17747440273037543
1679,2단계 레짐(3분류),1.0,0.1776765375854214
1680,2단계 레짐(3분류),1.0,0.17787913340935005
1681,2단계 레짐(3분류),1.0,0.1780821917808219
1682,2단계 레짐(3분류),1.0,0.1782857142857143
1683,2단계 레짐(3분류),1.0,0.17848970251716248
1684,2단계 레짐(3분류),1.0,0.17869415807560138
1685,2단계 레짐(3분류),1.0,0.17889908256880735
1686,2단계 레짐(3분류),1.0,0.1791044776119403
1687,2단계 레짐(3분류),1.0,0.1793103448275862
1688,2단계 레짐(3분류),1.0,0.17951668584579977
1689,2단계 레짐(3분류),1.0,0.17972350230414746
1690,2단계 레짐(3분류),1.0,0.17993079584775087
1691,2단계 레짐(3분류),1.0,0.18013856812933027
1692,2단계 레짐(3분류),1.0,0.18034682080924855
1693,2단계 레짐(3분류),1.0,0.18055555555555555
1694,2단계 레짐(3분류),1.0,0.18076477404403243
1695,2단계 레짐(3분류),1.0,0.18097447795823665
1696,2단계 레짐(3분류),1.0,0.18118466898954705
1697,2단계 레짐(3분류),1.0,0.1813953488372093
1698,2단계 레짐(3분류),1.0,0.18160651920838183
1699,2단계 레짐(3분류),1.0,0.18181818181818182
1700,2단계 레짐(3분류),1.0,0.18203033838973162
1701,2단계 레짐(3분류),1.0,0.1822429906542056
1702,2단계 레짐(3분류),1.0,0.1824561403508772
1703,2단계 레짐(3분류),1.0,0.18266978922716628
1704,2단계 레짐(3분류),1.0,0.182883939038687
1705,2단계 레짐(3분류),1.0,0.18309859154929578
1706,2단계 레짐(3분류),1.0,0.18331374853113983
1707,2단계 레짐(3분류),1.0,0.18352941176470589
1708,2단계 레짐(3분류),1.0,0.18374558303886926
1709,2단계 레짐(3분류),1.0,0.18396226415094338
1710,2단계 레짐(3분류),1.0,0.18417945690672963
1711,2단계 레짐(3분류),1.0,0.18439716312056736
1712,2단계 레짐(3분류),1.0,0.18461538461538463
1713,2단계 레짐(3분류),1.0,0.1848341232227488
1714,2단계 레짐(3분류),1.0,0.18505338078291814
1715,2단계 레짐(3분류),1.0,0.18527315914489312
1716,2단계 레짐(3분류),1.0,0.18549346016646848
1717,2단계 레짐(3분류),1.0,0.18571428571428572
1718,2단계 레짐(3분류),1.0,0.18593563766388557
1719,2단계 레짐(3분류),1.0,0.18615751789976134
1720,2단계 레짐(3분류),1.0,0.1863799283154122
1721,2단계 레짐(3분류),1.0,0.18660287081339713
1722,2단계 레짐(3분류),1.0,0.18682634730538922
1723,2단계 레짐(3분류),1.0,0.18705035971223022
1724,2단계 레짐(3분류),1.0,0.1872749099639856
1725,2단계 레짐(3분류),1.0,0.1875
1726,2단계 레짐(3분류),1.0,0.18772563176895307
1727,2단계 레짐(3분류),1.0,0.18795180722891566
1728,2단계 레짐(3분류),1.0,0.1881785283474065
1729,2단계 레짐(3분류),1.0,0.18840579710144928
1730,2단계 레짐(3분류),1.0,0.18863361547763
1731,2단계 레짐(3분류),1.0,0.18886198547215496
1732,2단계 레짐(3분류),1.0,0.1890909090909091
1733,2단계 레짐(3분류),1.0,0.18932038834951456
1734,2단계 레짐(3분류),1.0,0.18955042527339003
1735,2단계 레짐(3분류),1.0,0.1897810218978102
1736,2단계 레짐(3분류),1.0,0.1900121802679659
1737,2단계 레짐(3분류),1.0,0.1902439024390244
1738,2단계 레짐(3분류),1.0,0.19047619047619047
1739,2단계 레짐(3분류),1.0,0.19070904645476772
1740,2단계 레짐(3분류),1.0,0.1909424724602203
1741,2단계 레짐(3분류),1.0,0.19117647058823528
1742,2단계 레짐(3분류),1.0,0.19141104294478528
1743,2단계 레짐(3분류),1.0,0.19164619164619165
1744,2단계 레짐(3분류),1.0,0.1918819188191882
1745,2단계 레짐(3분류),1.0,0.1921182266009852
1746,2단계 레짐(3분류),1.0,0.19235511713933415
1747,2단계 레짐(3분류),1.0,0.1925925925925926
1748,2단계 레짐(3분류),1.0,0.19283065512978986
1749,2단계 레짐(3분류),1.0,0.19306930693069307
1750,2단계 레짐(3분류),1.0,0.19330855018587362
1751,2단계 레짐(3분류),1.0,0.1935483870967742
1752,2단계 레짐(3분류),1.0,0.1937888198757764
1753,2단계 레짐(3분류),1.0,0.19402985074626866
1754,2단계 레짐(3분류),1.0,0.19427148194271482
1755,2단계 레짐(3분류),1.0,0.19451371571072318
1756,2단계 레짐(3분류),1.0,0.1947565543071161
1757,2단계 레짐(3분류),1.0,0.195
1758,2단계 레짐(3분류),1.0,0.19524405506883605
1759,2단계 레짐(3분류),1.0,0.19548872180451127
1760,2단계 레짐(3분류),1.0,0.19573400250941028
1761,2단계 레짐(3분류),1.0,0.19597989949748743
1762,2단계 레짐(3분류),1.0,0.19622641509433963
1763,2단계 레짐(3분류),1.0,0.1964735516372796
1764,2단계 레짐(3분류),1.0,0.19672131147540983
1765,2단계 레짐(3분류),1.0,0.19696969696969696
1766,2단계 레짐(3분류),1.0,0.1972187104930468
1767,2단계 레짐(3분류),1.0,0.19746835443037974
1768,2단계 레짐(3분류),1.0,0.19771863117870722
1769,2단계 레짐(3분류),1.0,0.19796954314720813
1770,2단계 레짐(3분류),1.0,0.19822109275730623
1771,2단계 레짐(3분류),1.0,0.1984732824427481
1772,2단계 레짐(3분류),1.0,0.19872611464968154
1773,2단계 레짐(3분류),1.0,0.1989795918367347
1774,2단계 레짐(3분류),1.0,0.19923371647509577
1775,2단계 레짐(3분류),1.0,0.19948849104859334
1776,2단계 레짐(3분류),1.0,0.1997439180537772
1777,2단계 레짐(3분류),1.0,0.2
1778,2단계 레짐(3분류),1.0,0.20025673940949937
1779,2단계 레짐(3분류),1.0,0.20051413881748073
1780,2단계 레짐(3분류),1.0,0.20077220077220076
1781,2단계 레짐(3분류),1.0,0.20103092783505155
1782,2단계 레짐(3분류),1.0,0.20129032258064516
1783,2단계 레짐(3분류),1.0,0.20155038759689922
1784,2단계 레짐(3분류),1.0,0.2018111254851229
1785,2단계 레짐(3분류),1.0,0.20207253886010362
1786,2단계 레짐(3분류),1.0,0.20233463035019456
1787,2단계 레짐(3분류),1.0,0.2025974025974026
1788,2단계 레짐(3분류),1.0,0.20286085825747724
1789,2단계 레짐(3분류),1.0,0.203125
1790,2단계 레짐(3분류),1.0,0.2033898305084746
1791,2단계 레짐(3분류),1.0,0.20365535248041775
1792,2단계 레짐(3분류),1.0,0.20392156862745098
1793,2단계 레짐(3분류),1.0,0.20418848167539266
1794,2단계 레짐(3분류),1.0,0.20445609436435125
1795,2단계 레짐(3분류),1.0,0.2047244094488189
1796,2단계 레짐(3분류),1.0,0.2049934296977661
1797,2단계 레짐(3분류),1.0,0.20526315789473684
1798,2단계 레짐(3분류),1.0,0.20553359683794467
1799,2단계 레짐(3분류),1.0,0.20580474934036938
1800,2단계 레짐(3분류),1.0,0.20607661822985468
1801,2단계 레짐(3분류),1.0,0.20634920634920634
1802,2단계 레짐(3분류),1.0,0.20662251655629138
1803,2단계 레짐(3분류),1.0,0.20689655172413793
1804,2단계 레짐(3분류),1.0,0.20717131474103587
1805,2단계 레짐(3분류),1.0,0.2074468085106383
1806,2단계 레짐(3분류),1.0,0.20772303595206393
1807,2단계 레짐(3분류),1.0,0.208
1808,2단계 레짐(3분류),1.0,0.2082777036048064
1809,2단계 레짐(3분류),1.0,0.20855614973262032
1810,2단계 레짐(3분류),1.0,0.20883534136546184
1811,2단계 레짐(3분류),1.0,0.20911528150134048
1812,2단계 레짐(3분류),1.0,0.20939597315436242
1813,2단계 레짐(3분류),1.0,0.20967741935483872
1814,2단계 레짐(3분류),1.0,0.20995962314939434
1815,2단계 레짐(3분류),1.0,0.21024258760107817
1816,2단계 레짐(3분류),1.0,0.21052631578947367
1817,2단계 레짐(3분류),1.0,0.21081081081081082
1818,2단계 레짐(3분류),1.0,0.21109607577807848
1819,2단계 레짐(3분류),1.0,0.21138211382113822
1820,2단계 레짐(3분류),1.0,0.21166892808683854
1821,2단계 레짐(3분류),1.0,0.21195652173913043
1822,2단계 레짐(3분류),1.0,0.21224489795918366
1823,2단계 레짐(3분류),1.0,0.2125340599455041
1824,2단계 레짐(3분류),1.0,0.21282401091405184
1825,2단계 레짐(3분류),1.0,0.21311475409836064
1826,2단계 레짐(3분류),1.0,0.213406292749658
1827,2단계 레짐(3분류),1.0,0.2136986301369863
1828,2단계 레짐(3분류),1.0,0.2139917695473251
1829,2단계 레짐(3분류),1.0,0.21428571428571427
1830,2단계 레짐(3분류),1.0,0.21458046767537828
1831,2단계 레짐(3분류),1.0,0.21487603305785125
1832,2단계 레짐(3분류),1.0,0.21517241379310345
1833,2단계 레짐(3분류),1.0,0.2154696132596685
1834,2단계 레짐(3분류),1.0,0.2157676348547718
1835,2단계 레짐(3분류),1.0,0.21606648199445982
1836,2단계 레짐(3분류),1.0,0.21636615811373092
1837,2단계 레짐(3분류),1.0,0.21666666666666667
1838,2단계 레짐(3분류),1.0,0.21696801112656466
1839,2단계 레짐(3분류),1.0,0.21727019498607242
1840,2단계 레짐(3분류),1.0,0.2175732217573222
1841,2단계 레짐(3분류),1.0,0.21787709497206703
1842,2단계 레짐(3분류),1.0,0.21818181818181817
1843,2단계 레짐(3분류),1.0,0.2184873949579832
1844,2단계 레짐(3분류),1.0,0.2187938288920056
1845,2단계 레짐(3분류),1.0,0.21910112359550563
1846,2단계 레짐(3분류),1.0,0.21940928270042195
1847,2단계 레짐(3분류),1.0,0.21971830985915494
1848,2단계 레짐(3분류),1.0,0.22002820874471085
1849,2단계 레짐(3분류),1.0,0.22033898305084745
1850,2단계 레짐(3분류),1.0,0.22065063649222066
1851,2단계 레짐(3분류),1.0,0.22096317280453256
1852,2단계 레짐(3분류),1.0,0.22127659574468084
1853,2단계 레짐(3분류),1.0,0.2215909090909091
1854,2단계 레짐(3분류),1.0,0.22190611664295876
1855,2단계 레짐(3분류),1.0,0.2222222222222222
1856,2단계 레짐(3분류),1.0,0.2225392296718973
1857,2단계 레짐(3분류),1.0,0.22285714285714286
1858,2단계 레짐(3분류),1.0,0.22317596566523606
1859,2단계 레짐(3분류),1.0,0.22349570200573066
1860,2단계 레짐(3분류),1.0,0.22381635581061693
1861,2단계 레짐(3분류),1.0,0.22413793103448276
1862,2단계 레짐(3분류),1.0,0.22446043165467625
1863,2단계 레짐(3분류),1.0,0.22478386167146974
1864,2단계 레짐(3분류),1.0,0.22510822510822512
1865,2단계 레짐(3분류),1.0,0.2254335260115607
1866,2단계 레짐(3분류),1.0,0.22575976845151954
1867,2단계 레짐(3분류),1.0,0.22608695652173913
1868,2단계 레짐(3분류),1.0,0.22641509433962265
1869,2단계 레짐(3분류),1.0,0.22674418604651161
1870,2단계 레짐(3분류),1.0,0.22707423580786026
1871,2단계 레짐(3분류),1.0,0.22740524781341107
1872,2단계 레짐(3분류),1.0,0.22773722627737225
1873,2단계 레짐(3분류),1.0,0.22807017543859648
1874,2단계 레짐(3분류),1.0,0.22840409956076135
1875,2단계 레짐(3분류),1.0,0.2287390029325513
1876,2단계 레짐(3분류),1.0,0.2290748898678414
1877,2단계 레짐(3분류),1.0,0.22941176470588234
1878,2단계 레짐(3분류),1.0,0.22974963181148747
1879,2단계 레짐(3분류),1.0,0.23008849557522124
1880,2단계 레짐(3분류),1.0,0.23042836041358936
1881,2단계 레짐(3분류),1.0,0.23076923076923078
1882,2단계 레짐(3분류),1.0,0.2311111111111111
1883,2단계 레짐(3분류),1.0,0.2314540059347181
1884,2단계 레짐(3분류),1.0,0.23179791976225855
1885,2단계 레짐(3분류),1.0,0.23214285714285715
1886,2단계 레짐(3분류),1.0,0.23248882265275708
1887,2단계 레짐(3분류),1.0,0.23283582089552238
1888,2단계 레짐(3분류),1.0,0.23318385650224216
1889,2단계 레짐(3분류),1.0,0.23353293413173654
1890,2단계 레짐(3분류),1.0,0.23388305847076463
1891,2단계 레짐(3분류),1.0,0.23423423423423423
1892,2단계 레짐(3분류),1.0,0.23458646616541354
1893,2단계 레짐(3분류),1.0,0.23493975903614459
1894,2단계 레짐(3분류),1.0,0.23529411764705882
1895,2단계 레짐(3분류),1.0,0.23564954682779457
1896,2단계 레짐(3분류),1.0,0.23600605143721634
1897,2단계 레짐(3분류),1.0,0.23636363636363636
1898,2단계 레짐(3분류),1.0,0.23672230652503792
1899,2단계 레짐(3분류),1.0,0.23708206686930092
1900,2단계 레짐(3분류),1.0,0.2374429223744292
1901,2단계 레짐(3분류),1.0,0.23780487804878048
1902,2단계 레짐(3분류),1.0,0.2381679389312977
1903,2단계 레짐(3분류),1.0,0.23853211009174313
1904,2단계 레짐(3분류),1.0,0.23889739663093415
1905,2단계 레짐(3분류),1.0,0.2392638036809816
1906,2단계 레짐(3분류),1.0,0.23963133640552994
1907,2단계 레짐(3분류),1.0,0.24
1908,2단계 레짐(3분류),1.0,0.24036979969183359
1909,2단계 레짐(3분류),1.0,0.24074074074074073
1910,2단계 레짐(3분류),1.0,0.241112828438949
1911,2단계 레짐(3분류),1.0,0.24148606811145512
1912,2단계 레짐(3분류),1.0,0.24186046511627907
1913,2단계 레짐(3분류),1.0,0.2422360248447205
1914,2단계 레짐(3분류),1.0,0.24261275272161742
1915,2단계 레짐(3분류),1.0,0.24299065420560748
1916,2단계 레짐(3분류),1.0,0.24336973478939158
1917,2단계 레짐(3분류),1.0,0.24375
1918,2단계 레짐(3분류),1.0,0.24413145539906103
1919,2단계 레짐(3분류),1.0,0.2445141065830721
1920,2단계 레짐(3분류),1.0,0.24489795918367346
1921,2단계 레짐(3분류),1.0,0.24528301886792453
1922,2단계 레짐(3분류),1.0,0.24566929133858267
1923,2단계 레짐(3분류),1.0,0.24605678233438485
1924,2단계 레짐(3분류),1.0,0.24644549763033174
1925,2단계 레짐(3분류),1.0,0.2468354430379747
1926,2단계 레짐(3분류),1.0,0.24722662440570523
1927,2단계 레짐(3분류),1.0,0.24761904761904763
1928,2단계 레짐(3분류),1.0,0.2480127186009539
1929,2단계 레짐(3분류),1.0,0.2484076433121019
1930,2단계 레짐(3분류),1.0,0.24880382775119617
1931,2단계 레짐(3분류),1.0,0.24920127795527156
1932,2단계 레짐(3분류),1.0,0.2496
1933,2단계 레짐(3분류),1.0,0.25
1934,2단계 레짐(3분류),1.0,0.2504012841091493
1935,2단계 레짐(3분류),1.0,0.2508038585209003
1936,2단계 레짐(3분류),1.0,0.25120772946859904
1937,2단계 레짐(3분류),1.0,0.25161290322580643
1938,2단계 레짐(3분류),1.0,0.2520193861066236
1939,2단계 레짐(3분류),1.0,0.2524271844660194
1940,2단계 레짐(3분류),1.0,0.25283630470016205
1941,2단계 레짐(3분류),1.0,0.2532467532467532
1942,2단계 레짐(3분류),1.0,0.25365853658536586
1943,2단계 레짐(3분류),1.0,0.254071661237785
1944,2단계 레짐(3분류),1.0,0.2544861337683524
1945,2단계 레짐(3분류),1.0,0.2549019607843137
1946,2단계 레짐(3분류),1.0,0.2553191489361702
1947,2단계 레짐(3분류),1.0,0.25573770491803277
1948,2단계 레짐(3분류),1.0,0.2561576354679803
1949,2단계 레짐(3분류),1.0,0.2565789473684211
1950,2단계 레짐(3분류),1.0,0.257001647446458
1951,2단계 레짐(3분류),1.0,0.25742574257425743
1952,2단계 레짐(3분류),1.0,0.2578512396694215
1953,2단계 레짐(3분류),1.0,0.2582781456953642
1954,2단계 레짐(3분류),1.0,0.25870646766169153
1955,2단계 레짐(3분류),1.0,0.2591362126245847
1956,2단계 레짐(3분류),1.0,0.259567387687188
1957,2단계 레짐(3분류),1.0,0.26
1958,2단계 레짐(3분류),1.0,0.2604340567612688
1959,2단계 레짐(3분류),1.0,0.2608695652173913
1960,2단계 레짐(3분류),1.0,0.2613065326633166
1961,2단계 레짐(3분류),1.0,0.26174496644295303
1962,2단계 레짐(3분류),1.0,0.26218487394957984
1963,2단계 레짐(3분류),1.0,0.26262626262626265
1964,2단계 레짐(3분류),1.0,0.2630691399662732
1965,2단계 레짐(3분류),1.0,0.2635135135135135
1966,2단계 레짐(3분류),1.0,0.2639593908629442
1967,2단계 레짐(3분류),1.0,0.26440677966101694
1968,2단계 레짐(3분류),1.0,0.26485568760611206
1969,2단계 레짐(3분류),1.0,0.2653061224489796
1970,2단계 레짐(3분류),1.0,0.2657580919931857
1971,2단계 레짐(3분류),1.0,0.26621160409556316
1972,2단계 레짐(3분류),1.0,0.26666666666666666
1973,2단계 레짐(3분류),1.0,0.2671232876712329
1974,2단계 레짐(3분류),1.0,0.26758147512864494
1975,2단계 레짐(3분류),1.0,0.26804123711340205
1976,2단계 레짐(3분류),1.0,0.2685025817555938
1977,2단계 레짐(3분류),1.0,0.2689655172413793
1978,2단계 레짐(3분류),1.0,0.2694300518134715
1979,2단계 레짐(3분류),1.0,0.2698961937716263
1980,2단계 레짐(3분류),1.0,0.2703639514731369
1981,2단계 레짐(3분류),1.0,0.2708333333333333
1982,2단계 레짐(3분류),1.0,0.271304347826087
1983,2단계 레짐(3분류),1.0,0.27177700348432055
1984,2단계 레짐(3분류),1.0,0.27225130890052357
1985,2단계 레짐(3분류),1.0,0.2727272727272727
1986,2단계 레짐(3분류),1.0,0.2732049036777583
1987,2단계 레짐(3분류),1.0,0.2736842105263158
1988,2단계 레짐(3분류),1.0,0.2741652021089631
1989,2단계 레짐(3분류),1.0,0.2746478873239437
1990,2단계 레짐(3분류),1.0,0.2751322751322751
1991,2단계 레짐(3분류),1.0,0.2756183745583039
1992,2단계 레짐(3분류),1.0,0.2761061946902655
1993,2단계 레짐(3분류),1.0,0.2765957446808511
1994,2단계 레짐(3분류),1.0,0.27708703374777977
1995,2단계 레짐(3분류),1.0,0.2775800711743772
1996,2단계 레짐(3분류),1.0,0.27807486631016043
1997,2단계 레짐(3분류),1.0,0.2785714285714286
1998,2단계 레짐(3분류),1.0,0.27906976744186046
1999,2단계 레짐(3분류),1.0,0.27956989247311825
2000,2단계 레짐(3분류),1.0,0.2800718132854578
2001,2단계 레짐(3분류),1.0,0.2805755395683453
2002,2단계 레짐(3분류),1.0,0.2810810810810811
2003,2단계 레짐(3분류),1.0,0.2815884476534296
2004,2단계 레짐(3분류),1.0,0.2820976491862568
2005,2단계 레짐(3분류),1.0,0.2826086956521739
2006,2단계 레짐(3분류),1.0,0.2831215970961887
2007,2단계 레짐(3분류),1.0,0.28363636363636363
2008,2단계 레짐(3분류),1.0,0.28415300546448086
2009,2단계 레짐(3분류),1.0,0.2846715328467153
2010,2단계 레짐(3분류),1.0,0.2851919561243144
2011,2단계 레짐(3분류),1.0,0.2857142857142857
2012,2단계 레짐(3분류),1.0,0.28623853211009176
2013,2단계 레짐(3분류),1.0,0.2867647058823529
2014,2단계 레짐(3분류),1.0,0.287292817679558
2015,2단계 레짐(3분류),1.0,0.2878228782287823
2016,2단계 레짐(3분류),1.0,0.28835489833641403
2017,2단계 레짐(3분류),1.0,0.28888888888888886
2018,2단계 레짐(3분류),1.0,0.2894248608534323
2019,2단계 레짐(3분류),1.0,0.2899628252788104
2020,2단계 레짐(3분류),1.0,0.2905027932960894
2021,2단계 레짐(3분류),1.0,0.291044776119403
2022,2단계 레짐(3분류),1.0,0.29158878504672897
2023,2단계 레짐(3분류),1.0,0.29213483146067415
2024,2단계 레짐(3분류),1.0,0.2926829268292683
2025,2단계 레짐(3분류),1.0,0.2932330827067669
2026,2단계 레짐(3분류),1.0,0.2937853107344633
2027,2단계 레짐(3분류),1.0,0.2943396226415094
2028,2단계 레짐(3분류),1.0,0.2948960302457467
2029,2단계 레짐(3분류),1.0,0.29545454545454547
2030,2단계 레짐(3분류),1.0,0.29601518026565465
2031,2단계 레짐(3분류),1.0,0.2965779467680608
2032,2단계 레짐(3분류),1.0,0.29714285714285715
2033,2단계 레짐(3분류),1.0,0.29770992366412213
2034,2단계 레짐(3분류),1.0,0.2982791586998088
2035,2단계 레짐(3분류),1.0,0.2988505747126437
2036,2단계 레짐(3분류),1.0,0.29942418426103645
2037,2단계 레짐(3분류),1.0,0.3
2038,2단계 레짐(3분류),1.0,0.30057803468208094
2039,2단계 레짐(3분류),1.0,0.30115830115830117
2040,2단계 레짐(3분류),1.0,0.30174081237911027
2041,2단계 레짐(3분류),1.0,0.3023255813953488
2042,2단계 레짐(3분류),1.0,0.3029126213592233
2043,2단계 레짐(3분류),1.0,0.3035019455252918
2044,2단계 레짐(3분류),1.0,0.30409356725146197
2045,2단계 레짐(3분류),1.0,0.3046875
2046,2단계 레짐(3분류),1.0,0.30528375733855184
2047,2단계 레짐(3분류),1.0,0.3058823529411765
2048,2단계 레짐(3분류),1.0,0.30648330058939094
2049,2단계 레짐(3분류),1.0,0.30708661417322836
2050,2단계 레짐(3분류),1.0,0.3076923076923077
2051,2단계 레짐(3분류),1.0,0.308300395256917
2052,2단계 레짐(3분류),1.0,0.3089108910891089
2053,2단계 레짐(3분류),1.0,0.30952380952380953
2054,2단계 레짐(3분류),1.0,0.3101391650099404
2055,2단계 레짐(3분류),1.0,0.3107569721115538
2056,2단계 레짐(3분류),1.0,0.31137724550898205
2057,2단계 레짐(3분류),1.0,0.312
2058,2단계 레짐(3분류),1.0,0.312625250501002
2059,2단계 레짐(3분류),1.0,0.3132530120481928
2060,2단계 레짐(3분류),1.0,0.31388329979879276
2061,2단계 레짐(3분류),1.0,0.31451612903225806
2062,2단계 레짐(3분류),1.0,0.3151515151515151
2063,2단계 레짐(3분류),1.0,0.3157894736842105
2064,2단계 레짐(3분류),1.0,0.31643002028397565
2065,2단계 레짐(3분류),1.0,0.3170731707317073
2066,2단계 레짐(3분류),1.0,0.31771894093686354
2067,2단계 레짐(3분류),1.0,0.3183673469387755
2068,2단계 레짐(3분류),1.0,0.31901840490797545
2069,2단계 레짐(3분류),1.0,0.319672131147541
2070,2단계 레짐(3분류),1.0,0.3203285420944558
2071,2단계 레짐(3분류),1.0,0.32098765432098764
2072,2단계 레짐(3분류),1.0,0.3216494845360825
2073,2단계 레짐(3분류),1.0,0.32231404958677684
2074,2단계 레짐(3분류),1.0,0.32298136645962733
2075,2단계 레짐(3분류),1.0,0.3236514522821577
2076,2단계 레짐(3분류),1.0,0.32432432432432434
2077,2단계 레짐(3분류),1.0,0.325
2078,2단계 레짐(3분류),1.0,0.325678496868476
2079,2단계 레짐(3분류),1.0,0.3263598326359833
2080,2단계 레짐(3분류),1.0,0.3270440251572327
2081,2단계 레짐(3분류),1.0,0.3277310924369748
2082,2단계 레짐(3분류),1.0,0.32842105263157895
2083,2단계 레짐(3분류),1.0,0.3291139240506329
2084,2단계 레짐(3분류),1.0,0.3298097251585624
2085,2단계 레짐(3분류),1.0,0.3305084745762712
2086,2단계 레짐(3분류),1.0,0.33121019108280253
2087,2단계 레짐(3분류),1.0,0.33191489361702126
2088,2단계 레짐(3분류),1.0,0.3326226012793177
2089,2단계 레짐(3분류),1.0,0.3333333333333333
2090,2단계 레짐(3분류),1.0,0.3340471092077088
2091,2단계 레짐(3분류),1.0,0.33476394849785407
2092,2단계 레짐(3분류),1.0,0.33548387096774196
2093,2단계 레짐(3분류),1.0,0.33620689655172414
2094,2단계 레짐(3분류),1.0,0.3369330453563715
2095,2단계 레짐(3분류),1.0,0.33766233766233766
2096,2단계 레짐(3분류),1.0,0.3383947939262473
2097,2단계 레짐(3분류),1.0,0.3391304347826087
2098,2단계 레짐(3분류),1.0,0.33986928104575165
2099,2단계 레짐(3분류),1.0,0.3406113537117904
2100,2단계 레짐(3분류),1.0,0.3413566739606127
2101,2단계 레짐(3분류),1.0,0.34210526315789475
2102,2단계 레짐(3분류),1.0,0.34285714285714286
2103,2단계 레짐(3분류),1.0,0.3436123348017621
2104,2단계 레짐(3분류),1.0,0.3443708609271523
2105,2단계 레짐(3분류),1.0,0.34513274336283184
2106,2단계 레짐(3분류),1.0,0.3458980044345898
2107,2단계 레짐(3분류),1.0,0.3466666666666667
2108,2단계 레짐(3분류),1.0,0.34743875278396436
2109,2단계 레짐(3분류),1.0,0.3482142857142857
2110,2단계 레짐(3분류),1.0,0.348993288590604
2111,2단계 레짐(3분류),1.0,0.34977578475336324
2112,2단계 레짐(3분류),1.0,0.350561797752809
2113,2단계 레짐(3분류),1.0,0.35135135135135137
2114,2단계 레짐(3분류),1.0,0.35214446952595935
2115,2단계 레짐(3분류),1.0,0.35294117647058826
2116,2단계 레짐(3분류),1.0,0.35374149659863946
2117,2단계 레짐(3분류),1.0,0.35454545454545455
2118,2단계 레짐(3분류),1.0,0.3553530751708428
2119,2단계 레짐(3분류),1.0,0.3561643835616438
2120,2단계 레짐(3분류),1.0,0.35697940503432496
2121,2단계 레짐(3분류),1.0,0.3577981651376147
2122,2단계 레짐(3분류),1.0,0.3586206896551724
2123,2단계 레짐(3분류),1.0,0.35944700460829493
2124,2단계 레짐(3분류),1.0,0.36027713625866054
2125,2단계 레짐(3분류),1.0,0.3611111111111111
2126,2단계 레짐(3분류),1.0,0.3619489559164733
2127,2단계 레짐(3분류),1.0,0.3627906976744186
2128,2단계 레짐(3분류),1.0,0.36363636363636365
2129,2단계 레짐(3분류),1.0,0.3644859813084112
2130,2단계 레짐(3분류),1.0,0.36533957845433257
2131,2단계 레짐(3분류),1.0,0.36619718309859156
2132,2단계 레짐(3분류),1.0,0.36705882352941177
2133,2단계 레짐(3분류),1.0,0.36792452830188677
2134,2단계 레짐(3분류),1.0,0.36879432624113473
2135,2단계 레짐(3분류),1.0,0.3696682464454976
2136,2단계 레짐(3분류),1.0,0.37054631828978624
2137,2단계 레짐(3분류),1.0,0.37142857142857144
2138,2단계 레짐(3분류),1.0,0.3723150357995227
2139,2단계 레짐(3분류),1.0,0.37320574162679426
2140,2단계 레짐(3분류),1.0,0.37410071942446044
2141,2단계 레짐(3분류),1.0,0.375
2142,2단계 레짐(3분류),1.0,0.3759036144578313
2143,2단계 레짐(3분류),1.0,0.37681159420289856
2144,2단계 레짐(3분류),1.0,0.37772397094430993
2145,2단계 레짐(3분류),1.0,0.3786407766990291
2146,2단계 레짐(3분류),1.0,0.3795620437956204
2147,2단계 레짐(3분류),1.0,0.3804878048780488
2148,2단계 레짐(3분류),1.0,0.38141809290953543
2149,2단계 레짐(3분류),1.0,0.38235294117647056
2150,2단계 레짐(3분류),1.0,0.3832923832923833
2151,2단계 레짐(3분류),1.0,0.3842364532019704
2152,2단계 레짐(3분류),1.0,0.3851851851851852
2153,2단계 레짐(3분류),1.0,0.38613861386138615
2154,2단계 레짐(3분류),1.0,0.3870967741935484
2155,2단계 레짐(3분류),1.0,0.3880597014925373
2156,2단계 레짐(3분류),1.0,0.38902743142144636
2157,2단계 레짐(3분류),1.0,0.39
2158,2단계 레짐(3분류),1.0,0.39097744360902253
2159,2단계 레짐(3분류),1.0,0.39195979899497485
2160,2단계 레짐(3분류),1.0,0.3929471032745592
2161,2단계 레짐(3분류),1.0,0.3939393939393939
2162,2단계 레짐(3분류),1.0,0.3949367088607595
2163,2단계 레짐(3분류),1.0,0.39593908629441626
2164,2단계 레짐(3분류),0.9935897435897436,0.3944020356234097
2165,2단계 레짐(3분류),0.9935897435897436,0.39540816326530615
2166,2단계 레짐(3분류),0.9935897435897436,0.39641943734015345
2167,2단계 레짐(3분류),0.9935897435897436,0.3974358974358974
2168,2단계 레짐(3분류),0.9935897435897436,0.39845758354755784
2169,2단계 레짐(3분류),0.9871794871794872,0.39690721649484534
2170,2단계 레짐(3분류),0.9871794871794872,0.3979328165374677
2171,2단계 레짐(3분류),0.9871794871794872,0.39896373056994816
2172,2단계 레짐(3분류),0.9807692307692307,0.3974025974025974
2173,2단계 레짐(3분류),0.9807692307692307,0.3984375
2174,2단계 레짐(3분류),0.9807692307692307,0.39947780678851175
2175,2단계 레짐(3분류),0.9807692307692307,0.4005235602094241
2176,2단계 레짐(3분류),0.9807692307692307,0.4015748031496063
2177,2단계 레짐(3분류),0.9807692307692307,0.4026315789473684
2178,2단계 레짐(3분류),0.9807692307692307,0.40369393139841686
2179,2단계 레짐(3분류),0.9807692307692307,0.40476190476190477
2180,2단계 레짐(3분류),0.9807692307692307,0.40583554376657827
2181,2단계 레짐(3분류),0.9807692307692307,0.40691489361702127
2182,2단계 레짐(3분류),0.9807692307692307,0.408
2183,2단계 레짐(3분류),0.9807692307692307,0.4090909090909091
2184,2단계 레짐(3분류),0.9807692307692307,0.4101876675603217
2185,2단계 레짐(3분류),0.9807692307692307,0.4112903225806452
2186,2단계 레짐(3분류),0.9743589743589743,0.40970350404312667
2187,2단계 레짐(3분류),0.9743589743589743,0.41081081081081083
2188,2단계 레짐(3분류),0.9743589743589743,0.41192411924119243
2189,2단계 레짐(3분류),0.967948717948718,0.41032608695652173
2190,2단계 레짐(3분류),0.967948717948718,0.4114441416893733
2191,2단계 레짐(3분류),0.967948717948718,0.412568306010929
2192,2단계 레짐(3분류),0.967948717948718,0.4136986301369863
2193,2단계 레짐(3분류),0.967948717948718,0.41483516483516486
2194,2단계 레짐(3분류),0.967948717948718,0.41597796143250687
2195,2단계 레짐(3분류),0.967948717948718,0.4171270718232044
2196,2단계 레짐(3분류),0.967948717948718,0.4182825484764543
2197,2단계 레짐(3분류),0.967948717948718,0.41944444444444445
2198,2단계 레짐(3분류),0.967948717948718,0.4206128133704735
2199,2단계 레짐(3분류),0.967948717948718,0.42178770949720673
2200,2단계 레짐(3분류),0.967948717948718,0.42296918767507
2201,2단계 레짐(3분류),0.967948717948718,0.4241573033707865
2202,2단계 레짐(3분류),0.967948717948718,0.4253521126760563
2203,2단계 레짐(3분류),0.967948717948718,0.4265536723163842
2204,2단계 레짐(3분류),0.967948717948718,0.42776203966005666
2205,2단계 레짐(3분류),0.967948717948718,0.4289772727272727
2206,2단계 레짐(3분류),0.9615384615384616,0.42735042735042733
2207,2단계 레짐(3분류),0.9615384615384616,0.42857142857142855
2208,2단계 레짐(3분류),0.9615384615384616,0.4297994269340974
2209,2단계 레짐(3분류),0.9615384615384616,0.43103448275862066
2210,2단계 레짐(3분류),0.9615384615384616,0.4322766570605187
2211,2단계 레짐(3분류),0.9615384615384616,0.43352601156069365
2212,2단계 레짐(3분류),0.9615384615384616,0.43478260869565216
2213,2단계 레짐(3분류),0.9615384615384616,0.436046511627907
2214,2단계 레짐(3분류),0.9615384615384616,0.43731778425655976
2215,2단계 레짐(3분류),0.9615384615384616,0.43859649122807015
2216,2단계 레짐(3분류),0.9615384615384616,0.4398826979472141
2217,2단계 레짐(3분류),0.9551282051282052,0.43823529411764706
2218,2단계 레짐(3분류),0.9487179487179487,0.4365781710914454
2219,2단계 레짐(3분류),0.9487179487179487,0.4378698224852071
2220,2단계 레짐(3분류),0.9487179487179487,0.4391691394658754
2221,2단계 레짐(3분류),0.9487179487179487,0.44047619047619047
2222,2단계 레짐(3분류),0.9487179487179487,0.4417910447761194
2223,2단계 레짐(3분류),0.9487179487179487,0.4431137724550898
2224,2단계 레짐(3분류),0.9487179487179487,0.4444444444444444
2225,2단계 레짐(3분류),0.9487179487179487,0.4457831325301205
2226,2단계 레짐(3분류),0.9487179487179487,0.4471299093655589
2227,2단계 레짐(3분류),0.9423076923076923,0.44545454545454544
2228,2단계 레짐(3분류),0.9423076923076923,0.44680851063829785
2229,2단계 레짐(3분류),0.9423076923076923,0.4481707317073171
2230,2단계 레짐(3분류),0.9423076923076923,0.44954128440366975
2231,2단계 레짐(3분류),0.9423076923076923,0.450920245398773
2232,2단계 레짐(3분류),0.9423076923076923,0.4523076923076923
2233,2단계 레짐(3분류),0.9358974358974359,0.4506172839506173
2234,2단계 레짐(3분류),0.9358974358974359,0.4520123839009288
2235,2단계 레짐(3분류),0.9358974358974359,0.453416149068323
2236,2단계 레짐(3분류),0.9358974358974359,0.45482866043613707
2237,2단계 레짐(3분류),0.9358974358974359,0.45625
2238,2단계 레짐(3분류),0.9358974358974359,0.45768025078369906
2239,2단계 레짐(3분류),0.9358974358974359,0.4591194968553459
2240,2단계 레짐(3분류),0.9358974358974359,0.4605678233438486
2241,2단계 레짐(3분류),0.9294871794871795,0.4588607594936709
2242,2단계 레짐(3분류),0.9294871794871795,0.4603174603174603
2243,2단계 레짐(3분류),0.9294871794871795,0.46178343949044587
2244,2단계 레짐(3분류),0.9294871794871795,0.46325878594249204
2245,2단계 레짐(3분류),0.9294871794871795,0.46474358974358976
2246,2단계 레짐(3분류),0.9294871794871795,0.4662379421221865
2247,2단계 레짐(3분류),0.9294871794871795,0.46774193548387094
2248,2단계 레짐(3분류),0.9294871794871795,0.4692556634304207
2249,2단계 레짐(3분류),0.9230769230769231,0.4675324675324675
2250,2단계 레짐(3분류),0.9230769230769231,0.46905537459283386
2251,2단계 레짐(3분류),0.9230769230769231,0.47058823529411764
2252,2단계 레짐(3분류),0.9166666666666666,0.46885245901639344
2253,2단계 레짐(3분류),0.9166666666666666,0.47039473684210525
2254,2단계 레짐(3분류),0.9166666666666666,0.47194719471947194
2255,2단계 레짐(3분류),0.9166666666666666,0.4735099337748344
2256,2단계 레짐(3분류),0.9166666666666666,0.4750830564784053
2257,2단계 레짐(3분류),0.9102564102564102,0.47333333333333333
2258,2단계 레짐(3분류),0.9102564102564102,0.47491638795986624
2259,2단계 레짐(3분류),0.9102564102564102,0.47651006711409394
2260,2단계 레짐(3분류),0.9038461538461539,0.47474747474747475
2261,2단계 레짐(3분류),0.9038461538461539,0.47635135135135137
2262,2단계 레짐(3분류),0.8974358974358975,0.4745762711864407
2263,2단계 레짐(3분류),0.8974358974358975,0.47619047619047616
2264,2단계 레짐(3분류),0.8974358974358975,0.4778156996587031
2265,2단계 레짐(3분류),0.8974358974358975,0.4794520547945205
2266,2단계 레짐(3분류),0.8974358974358975,0.48109965635738833
2267,2단계 레짐(3분류),0.8974358974358975,0.4827586206896552
2268,2단계 레짐(3분류),0.8974358974358975,0.4844290657439446
2269,2단계 레짐(3분류),0.8974358974358975,0.4861111111111111
2270,2단계 레짐(3분류),0.8974358974358975,0.4878048780487805
2271,2단계 레짐(3분류),0.8974358974358975,0.48951048951048953
2272,2단계 레짐(3분류),0.8974358974358975,0.49122807017543857
2273,2단계 레짐(3분류),0.8910256410256411,0.4894366197183099
2274,2단계 레짐(3분류),0.8910256410256411,0.4911660777385159
2275,2단계 레짐(3분류),0.8910256410256411,0.4929078014184397
2276,2단계 레짐(3분류),0.8910256410256411,0.49466192170818507
2277,2단계 레짐(3분류),0.8846153846153846,0.4928571428571429
2278,2단계 레짐(3분류),0.8846153846153846,0.4946236559139785
2279,2단계 레짐(3분류),0.8846153846153846,0.49640287769784175
2280,2단계 레짐(3분류),0.8846153846153846,0.4981949458483754
2281,2단계 레짐(3분류),0.8846153846153846,0.5
2282,2단계 레짐(3분류),0.8846153846153846,0.5018181818181818
2283,2단계 레짐(3분류),0.8846153846153846,0.5036496350364964
2284,2단계 레짐(3분류),0.8782051282051282,0.5018315018315018
2285,2단계 레짐(3분류),0.8782051282051282,0.5036764705882353
2286,2단계 레짐(3분류),0.8782051282051282,0.5055350553505535
2287,2단계 레짐(3분류),0.8782051282051282,0.5074074074074074
2288,2단계 레짐(3분류),0.8782051282051282,0.5092936802973977
2289,2단계 레짐(3분류),0.8782051282051282,0.5111940298507462
2290,2단계 레짐(3분류),0.8782051282051282,0.5131086142322098
2291,2단계 레짐(3분류),0.8782051282051282,0.5150375939849624
2292,2단계 레짐(3분류),0.8782051282051282,0.5169811320754717
2293,2단계 레짐(3분류),0.8782051282051282,0.5189393939393939
2294,2단계 레짐(3분류),0.8782051282051282,0.5209125475285171
2295,2단계 레짐(3분류),0.8717948717948718,0.5190839694656488
2296,2단계 레짐(3분류),0.8717948717948718,0.5210727969348659
2297,2단계 레짐(3분류),0.8717948717948718,0.5230769230769231
2298,2단계 레짐(3분류),0.8653846153846154,0.5212355212355212
2299,2단계 레짐(3분류),0.8653846153846154,0.5232558139534884
2300,2단계 레짐(3분류),0.8589743589743589,0.5214007782101168
2301,2단계 레짐(3분류),0.8525641025641025,0.51953125
2302,2단계 레짐(3분류),0.8461538461538461,0.5176470588235295
2303,2단계 레짐(3분류),0.8397435897435898,0.515748031496063
2304,2단계 레짐(3분류),0.8333333333333334,0.5138339920948617
2305,2단계 레짐(3분류),0.8333333333333334,0.5158730158730159
2306,2단계 레짐(3분류),0.8333333333333334,0.5179282868525896
2307,2단계 레짐(3분류),0.8333333333333334,0.52
2308,2단계 레짐(3분류),0.8333333333333334,0.5220883534136547
2309,2단계 레짐(3분류),0.8269230769230769,0.5201612903225806
2310,2단계 레짐(3분류),0.8269230769230769,0.5222672064777328
2311,2단계 레짐(3분류),0.8205128205128205,0.5203252032520326
2312,2단계 레짐(3분류),0.8205128205128205,0.5224489795918368
2313,2단계 레짐(3분류),0.8141025641025641,0.5204918032786885
2314,2단계 레짐(3분류),0.8141025641025641,0.522633744855967
2315,2단계 레짐(3분류),0.8076923076923077,0.5206611570247934
2316,2단계 레짐(3분류),0.8076923076923077,0.5228215767634855
2317,2단계 레짐(3분류),0.8076923076923077,0.525
2318,2단계 레짐(3분류),0.8076923076923077,0.5271966527196653
2319,2단계 레짐(3분류),0.8076923076923077,0.5294117647058824
2320,2단계 레짐(3분류),0.8076923076923077,0.5316455696202531
2321,2단계 레짐(3분류),0.8076923076923077,0.5338983050847458
2322,2단계 레짐(3분류),0.8076923076923077,0.5361702127659574
2323,2단계 레짐(3분류),0.8012820512820513,0.5341880341880342
2324,2단계 레짐(3분류),0.8012820512820513,0.5364806866952789
2325,2단계 레짐(3분류),0.8012820512820513,0.5387931034482759
2326,2단계 레짐(3분류),0.7948717948717948,0.5367965367965368
2327,2단계 레짐(3분류),0.7884615384615384,0.5347826086956522
2328,2단계 레짐(3분류),0.7884615384615384,0.537117903930131
2329,2단계 레짐(3분류),0.782051282051282,0.5350877192982456
2330,2단계 레짐(3분류),0.782051282051282,0.5374449339207048
2331,2단계 레짐(3분류),0.782051282051282,0.5398230088495575
2332,2단계 레짐(3분류),0.782051282051282,0.5422222222222223
2333,2단계 레짐(3분류),0.782051282051282,0.5446428571428571
2334,2단계 레짐(3분류),0.782051282051282,0.547085201793722
2335,2단계 레짐(3분류),0.782051282051282,0.5495495495495496
2336,2단계 레짐(3분류),0.782051282051282,0.5520361990950227
2337,2단계 레짐(3분류),0.7756410256410257,0.55
2338,2단계 레짐(3분류),0.7756410256410257,0.5525114155251142
2339,2단계 레짐(3분류),0.7756410256410257,0.555045871559633
2340,2단계 레짐(3분류),0.7756410256410257,0.5576036866359447
2341,2단계 레짐(3분류),0.7756410256410257,0.5601851851851852
2342,2단계 레짐(3분류),0.7692307692307693,0.5581395348837209
2343,2단계 레짐(3분류),0.7628205128205128,0.5560747663551402
2344,2단계 레짐(3분류),0.7564102564102564,0.5539906103286385
2345,2단계 레짐(3분류),0.7564102564102564,0.5566037735849056
2346,2단계 레짐(3분류),0.7564102564102564,0.5592417061611374
2347,2단계 레짐(3분류),0.75,0.5571428571428572
2348,2단계 레짐(3분류),0.7435897435897436,0.5550239234449761
2349,2단계 레짐(3분류),0.7371794871794872,0.5528846153846154
2350,2단계 레짐(3분류),0.7307692307692307,0.5507246376811594
2351,2단계 레짐(3분류),0.7243589743589743,0.5485436893203883
2352,2단계 레짐(3분류),0.717948717948718,0.5463414634146342
2353,2단계 레짐(3분류),0.717948717948718,0.5490196078431373
2354,2단계 레짐(3분류),0.717948717948718,0.5517241379310345
2355,2단계 레짐(3분류),0.7115384615384616,0.5495049504950495
2356,2단계 레짐(3분류),0.7051282051282052,0.5472636815920398
2357,2단계 레짐(3분류),0.6987179487179487,0.545
2358,2단계 레짐(3분류),0.6987179487179487,0.5477386934673367
2359,2단계 레짐(3분류),0.6923076923076923,0.5454545454545454
2360,2단계 레짐(3분류),0.6923076923076923,0.5482233502538071
2361,2단계 레짐(3분류),0.6923076923076923,0.5510204081632653
2362,2단계 레짐(3분류),0.6923076923076923,0.5538461538461539
2363,2단계 레짐(3분류),0.6923076923076923,0.5567010309278351
2364,2단계 레짐(3분류),0.6923076923076923,0.5595854922279793
2365,2단계 레짐(3분류),0.6858974358974359,0.5572916666666666
2366,2단계 레짐(3분류),0.6794871794871795,0.5549738219895288
2367,2단계 레짐(3분류),0.6730769230769231,0.5526315789473685
2368,2단계 레짐(3분류),0.6730769230769231,0.5555555555555556
2369,2단계 레짐(3분류),0.6666666666666666,0.5531914893617021
2370,2단계 레짐(3분류),0.6666666666666666,0.5561497326203209
2371,2단계 레짐(3분류),0.6666666666666666,0.5591397849462365
2372,2단계 레짐(3분류),0.6602564102564102,0.5567567567567567
2373,2단계 레짐(3분류),0.6538461538461539,0.5543478260869565
2374,2단계 레짐(3분류),0.6474358974358975,0.5519125683060109
2375,2단계 레짐(3분류),0.6410256410256411,0.5494505494505495
2376,2단계 레짐(3분류),0.6346153846153846,0.5469613259668509
2377,2단계 레짐(3분류),0.6346153846153846,0.55
2378,2단계 레짐(3분류),0.6282051282051282,0.547486033519553
2379,2단계 레짐(3분류),0.6217948717948718,0.5449438202247191
2380,2단계 레짐(3분류),0.6153846153846154,0.5423728813559322
2381,2단계 레짐(3분류),0.6089743589743589,0.5397727272727273
2382,2단계 레짐(3분류),0.6025641025641025,0.5371428571428571
2383,2단계 레짐(3분류),0.6025641025641025,0.5402298850574713
2384,2단계 레짐(3분류),0.6025641025641025,0.5433526011560693
2385,2단계 레짐(3분류),0.6025641025641025,0.5465116279069767
2386,2단계 레짐(3분류),0.6025641025641025,0.5497076023391813
2387,2단계 레짐(3분류),0.6025641025641025,0.5529411764705883
2388,2단계 레짐(3분류),0.5961538461538461,0.5502958579881657
2389,2단계 레짐(3분류),0.5897435897435898,0.5476190476190477
2390,2단계 레짐(3분류),0.5833333333333334,0.5449101796407185
2391,2단계 레짐(3분류),0.5769230769230769,0.5421686746987951
2392,2단계 레짐(3분류),0.5705128205128205,0.5393939393939394
2393,2단계 레짐(3분류),0.5641025641025641,0.5365853658536586
2394,2단계 레짐(3분류),0.5641025641025641,0.5398773006134969
2395,2단계 레짐(3분류),0.5641025641025641,0.5432098765432098
2396,2단계 레짐(3분류),0.5576923076923077,0.5403726708074534
2397,2단계 레짐(3분류),0.5576923076923077,0.54375
2398,2단계 레짐(3분류),0.5512820512820513,0.5408805031446541
2399,2단계 레짐(3분류),0.5512820512820513,0.5443037974683544
2400,2단계 레짐(3분류),0.5512820512820513,0.5477707006369427
2401,2단계 레짐(3분류),0.5448717948717948,0.5448717948717948
2402,2단계 레짐(3분류),0.5384615384615384,0.5419354838709678
2403,2단계 레짐(3분류),0.5384615384615384,0.5454545454545454
2404,2단계 레짐(3분류),0.532051282051282,0.5424836601307189
2405,2단계 레짐(3분류),0.5256410256410257,0.5394736842105263
2406,2단계 레짐(3분류),0.5256410256410257,0.543046357615894
2407,2단계 레짐(3분류),0.5192307692307693,0.54
2408,2단계 레짐(3분류),0.5192307692307693,0.5436241610738255
2409,2단계 레짐(3분류),0.5128205128205128,0.5405405405405406
2410,2단계 레짐(3분류),0.5128205128205128,0.54421768707483
2411,2단계 레짐(3분류),0.5064102564102564,0.541095890410959
2412,2단계 레짐(3분류),0.5,0.5379310344827586
2413,2단계 레짐(3분류),0.4935897435897436,0.5347222222222222
2414,2단계 레짐(3분류),0.48717948717948717,0.5314685314685315
2415,2단계 레짐(3분류),0.4807692307692308,0.528169014084507
2416,2단계 레짐(3분류),0.4807692307692308,0.5319148936170213
2417,2단계 레짐(3분류),0.47435897435897434,0.5285714285714286
2418,2단계 레짐(3분류),0.47435897435897434,0.5323741007194245
2419,2단계 레짐(3분류),0.46794871794871795,0.5289855072463768
2420,2단계 레짐(3분류),0.46794871794871795,0.5328467153284672
2421,2단계 레짐(3분류),0.46153846153846156,0.5294117647058824
2422,2단계 레짐(3분류),0.4551282051282051,0.5259259259259259
2423,2단계 레짐(3분류),0.44871794871794873,0.5223880597014925
2424,2단계 레짐(3분류),0.44871794871794873,0.5263157894736842
2425,2단계 레짐(3분류),0.4423076923076923,0.5227272727272727
2426,2단계 레짐(3분류),0.4423076923076923,0.5267175572519084
2427,2단계 레짐(3분류),0.4358974358974359,0.5230769230769231
2428,2단계 레짐(3분류),0.4358974358974359,0.5271317829457365
2429,2단계 레짐(3분류),0.4358974358974359,0.53125
2430,2단계 레짐(3분류),0.42948717948717946,0.5275590551181102
2431,2단계 레짐(3분류),0.4230769230769231,0.5238095238095238
2432,2단계 레짐(3분류),0.4166666666666667,0.52
2433,2단계 레짐(3분류),0.4166666666666667,0.5241935483870968
2434,2단계 레짐(3분류),0.41025641025641024,0.5203252032520326
2435,2단계 레짐(3분류),0.40384615384615385,0.5163934426229508
2436,2단계 레짐(3분류),0.3974358974358974,0.512396694214876
2437,2단계 레짐(3분류),0.3974358974358974,0.5166666666666667
2438,2단계 레짐(3분류),0.391025641025641,0.5126050420168067
2439,2단계 레짐(3분류),0.38461538461538464,0.5084745762711864
2440,2단계 레짐(3분류),0.3782051282051282,0.5042735042735043
2441,2단계 레짐(3분류),0.3782051282051282,0.5086206896551724
2442,2단계 레짐(3분류),0.3717948717948718,0.5043478260869565
2443,2단계 레짐(3분류),0.36538461538461536,0.5
2444,2단계 레짐(3분류),0.358974358974359,0.49557522123893805
2445,2단계 레짐(3분류),0.358974358974359,0.5
2446,2단계 레짐(3분류),0.358974358974359,0.5045045045045045
2447,2단계 레짐(3분류),0.3525641025641026,0.5
2448,2단계 레짐(3분류),0.3525641025641026,0.5045871559633027
2449,2단계 레짐(3분류),0.34615384615384615,0.5
2450,2단계 레짐(3분류),0.33974358974358976,0.4953271028037383
2451,2단계 레짐(3분류),0.3333333333333333,0.49056603773584906
2452,2단계 레짐(3분류),0.3333333333333333,0.49523809523809526
2453,2단계 레짐(3분류),0.3333333333333333,0.5
2454,2단계 레짐(3분류),0.3333333333333333,0.5048543689320388
2455,2단계 레짐(3분류),0.3333333333333333,0.5098039215686274
2456,2단계 레짐(3분류),0.3333333333333333,0.5148514851485149
2457,2단계 레짐(3분류),0.3269230769230769,0.51
2458,2단계 레짐(3분류),0.3269230769230769,0.5151515151515151
2459,2단계 레짐(3분류),0.32051282051282054,0.5102040816326531
2460,2단계 레짐(3분류),0.3141025641025641,0.5051546391752577
2461,2단계 레짐(3분류),0.3141025641025641,0.5104166666666666
2462,2단계 레짐(3분류),0.3141025641025641,0.5157894736842106
2463,2단계 레짐(3분류),0.3141025641025641,0.5212765957446809
2464,2단계 레짐(3분류),0.3076923076923077,0.5161290322580645
2465,2단계 레짐(3분류),0.3076923076923077,0.5217391304347826
2466,2단계 레짐(3분류),0.30128205128205127,0.5164835164835165
2467,2단계 레짐(3분류),0.30128205128205127,0.5222222222222223
2468,2단계 레짐(3분류),0.2948717948717949,0.5168539325842697
2469,2단계 레짐(3분류),0.2948717948717949,0.5227272727272727
2470,2단계 레짐(3분류),0.2948717948717949,0.5287356321839081
2471,2단계 레짐(3분류),0.2948717948717949,0.5348837209302325
2472,2단계 레짐(3분류),0.2948717948717949,0.5411764705882353
2473,2단계 레짐(3분류),0.28846153846153844,0.5357142857142857
2474,2단계 레짐(3분류),0.28205128205128205,0.5301204819277109
2475,2단계 레짐(3분류),0.27564102564102566,0.524390243902439
2476,2단계 레짐(3분류),0.2692307692307692,0.5185185185185185
2477,2단계 레짐(3분류),0.2692307692307692,0.525
2478,2단계 레짐(3분류),0.26282051282051283,0.5189873417721519
2479,2단계 레짐(3분류),0.2564102564102564,0.5128205128205128
2480,2단계 레짐(3분류),0.2564102564102564,0.5194805194805194
2481,2단계 레짐(3분류),0.25,0.5131578947368421
2482,2단계 레짐(3분류),0.24358974358974358,0.5066666666666667
2483,2단계 레짐(3분류),0.23717948717948717,0.5
2484,2단계 레짐(3분류),0.23076923076923078,0.4931506849315068
2485,2단계 레짐(3분류),0.23076923076923078,0.5
2486,2단계 레짐(3분류),0.22435897435897437,0.49295774647887325
2487,2단계 레짐(3분류),0.22435897435897437,0.5
2488,2단계 레짐(3분류),0.21794871794871795,0.4927536231884058
2489,2단계 레짐(3분류),0.21153846153846154,0.4852941176470588
2490,2단계 레짐(3분류),0.20512820512820512,0.47761194029850745
2491,2단계 레짐(3분류),0.1987179487179487,0.4696969696969697
2492,2단계 레짐(3분류),0.19230769230769232,0.46153846153846156
2493,2단계 레짐(3분류),0.1858974358974359,0.453125
2494,2단계 레짐(3분류),0.1858974358974359,0.4603174603174603
2495,2단계 레짐(3분류),0.1858974358974359,0.46774193548387094
2496,2단계 레짐(3분류),0.1794871794871795,0.45901639344262296
2497,2단계 레짐(3분류),0.1794871794871795,0.4666666666666667
2498,2단계 레짐(3분류),0.17307692307692307,0.4576271186440678
2499,2단계 레짐(3분류),0.16666666666666666,0.4482758620689655
2500,2단계 레짐(3분류),0.16025641025641027,0.43859649122807015
2501,2단계 레짐(3분류),0.16025641025641027,0.44642857142857145
2502,2단계 레짐(3분류),0.15384615384615385,0.43636363636363634
2503,2단계 레짐(3분류),0.14743589743589744,0.42592592592592593
2504,2단계 레짐(3분류),0.14102564102564102,0.41509433962264153
2505,2단계 레짐(3분류),0.14102564102564102,0.4230769230769231
2506,2단계 레짐(3분류),0.1346153846153846,0.4117647058823529
2507,2단계 레짐(3분류),0.1282051282051282,0.4
2508,2단계 레짐(3분류),0.12179487179487179,0.3877551020408163
2509,2단계 레짐(3분류),0.11538461538461539,0.375
2510,2단계 레짐(3분류),0.11538461538461539,0.3829787234042553
2511,2단계 레짐(3분류),0.10897435897435898,0.3695652173913043
2512,2단계 레짐(3분류),0.10256410256410256,0.35555555555555557
2513,2단계 레짐(3분류),0.10256410256410256,0.36363636363636365
2514,2단계 레짐(3분류),0.10256410256410256,0.37209302325581395
2515,2단계 레짐(3분류),0.10256410256410256,0.38095238095238093
2516,2단계 레짐(3분류),0.10256410256410256,0.3902439024390244
2517,2단계 레짐(3분류),0.09615384615384616,0.375
2518,2단계 레짐(3분류),0.08974358974358974,0.358974358974359
2519,2단계 레짐(3분류),0.08974358974358974,0.3684210526315789
2520,2단계 레짐(3분류),0.08974358974358974,0.3783783783783784
2521,2단계 레짐(3분류),0.08974358974358974,0.3888888888888889
2522,2단계 레짐(3분류),0.08974358974358974,0.4
2523,2단계 레짐(3분류),0.08974358974358974,0.4117647058823529
2524,2단계 레짐(3분류),0.08333333333333333,0.3939393939393939
2525,2단계 레짐(3분류),0.08333333333333333,0.40625
2526,2단계 레짐(3분류),0.08333333333333333,0.41935483870967744
2527,2단계 레짐(3분류),0.08333333333333333,0.43333333333333335
2528,2단계 레짐(3분류),0.08333333333333333,0.4482758620689655
2529,2단계 레짐(3분류),0.07692307692307693,0.42857142857142855
2530,2단계 레짐(3분류),0.07692307692307693,0.4444444444444444
2531,2단계 레짐(3분류),0.07692307692307693,0.46153846153846156
2532,2단계 레짐(3분류),0.07051282051282051,0.44
2533,2단계 레짐(3분류),0.0641025641025641,0.4166666666666667
2534,2단계 레짐(3분류),0.0641025641025641,0.43478260869565216
2535,2단계 레짐(3분류),0.0641025641025641,0.45454545454545453
2536,2단계 레짐(3분류),0.057692307692307696,0.42857142857142855
2537,2단계 레짐(3분류),0.057692307692307696,0.45
2538,2단계 레짐(3분류),0.057692307692307696,0.47368421052631576
2539,2단계 레짐(3분류),0.05128205128205128,0.4444444444444444
2540,2단계 레짐(3분류),0.05128205128205128,0.47058823529411764
2541,2단계 레짐(3분류),0.05128205128205128,0.5
2542,2단계 레짐(3분류),0.04487179487179487,0.4666666666666667
2543,2단계 레짐(3분류),0.04487179487179487,0.5
2544,2단계 레짐(3분류),0.04487179487179487,0.5384615384615384
2545,2단계 레짐(3분류),0.04487179487179487,0.5833333333333334
2546,2단계 레짐(3분류),0.038461538461538464,0.5454545454545454
2547,2단계 레짐(3분류),0.03205128205128205,0.5
2548,2단계 레짐(3분류),0.02564102564102564,0.4444444444444444
2549,2단계 레짐(3분류),0.02564102564102564,0.5
2550,2단계 레짐(3분류),0.019230769230769232,0.42857142857142855
2551,2단계 레짐(3분류),0.019230769230769232,0.5
2552,2단계 레짐(3분류),0.01282051282051282,0.4
2553,2단계 레짐(3분류),0.00641025641025641,0.25
2554,2단계 레짐(3분류),0.0,0.0
2555,2단계 레짐(3분류),0.0,0.0
2556,2단계 레짐(3분류),0.0,0.0
2557,2단계 레짐(3분류),0.0,1.0
